[{"model": "admin.logentry", "pk": 1, "fields": {"action_time": "2023-01-27T07:31:31.809Z", "user": 4, "content_type": 8, "object_id": "3", "object_repr": "Category object (3)", "action_flag": 2, "change_message": "[{\"changed\": {\"fields\": [\"Name category\"]}}]"}}, {"model": "admin.logentry", "pk": 2, "fields": {"action_time": "2023-01-27T07:31:37.651Z", "user": 4, "content_type": 8, "object_id": "3", "object_repr": "Category object (3)", "action_flag": 2, "change_message": "[]"}}, {"model": "admin.logentry", "pk": 3, "fields": {"action_time": "2023-01-27T07:31:55.022Z", "user": 4, "content_type": 9, "object_id": "2", "object_repr": "╤┬╬ эр ╙ъЁршэх", "action_flag": 2, "change_message": "[]"}}, {"model": "admin.logentry", "pk": 4, "fields": {"action_time": "2023-01-27T07:34:30.436Z", "user": 4, "content_type": 9, "object_id": "2", "object_repr": "╤┬╬ эр ╙ъЁршэх", "action_flag": 2, "change_message": "[{\"changed\": {\"fields\": [\"Text\"]}}]"}}, {"model": "admin.logentry", "pk": 5, "fields": {"action_time": "2023-01-27T07:35:27.341Z", "user": 4, "content_type": 9, "object_id": "1", "object_repr": "└ЁухэЄшэр - ўхьяшюэ ьшЁр 2022", "action_flag": 2, "change_message": "[{\"changed\": {\"fields\": [\"Text\"]}}]"}}, {"model": "admin.logentry", "pk": 6, "fields": {"action_time": "2023-01-27T07:37:25.131Z", "user": 4, "content_type": 9, "object_id": "3", "object_repr": "л╨шъ ш ╠юЁЄш╗ ёючфр╕ь яЁшыюцхэшх эр Swift", "action_flag": 1, "change_message": "[{\"added\": {}}]"}}, {"model": "admin.logentry", "pk": 7, "fields": {"action_time": "2023-01-27T08:10:10.076Z", "user": 4, "content_type": 9, "object_id": "3", "object_repr": "л╨шъ ш ╠юЁЄш╗ ёючфр╕ь яЁшыюцхэшх эр Swift", "action_flag": 2, "change_message": "[{\"changed\": {\"fields\": [\"Text\"]}}]"}}, {"model": "admin.logentry", "pk": 8, "fields": {"action_time": "2023-01-28T18:52:02.431Z", "user": 4, "content_type": 9, "object_id": "3", "object_repr": "л╨шъ ш рїєхы ╠юЁЄш╗ ёючфр╕ь яЁшыюцхэшх эр Swift", "action_flag": 2, "change_message": "[{\"changed\": {\"fields\": [\"Headline\"]}}]"}}, {"model": "admin.logentry", "pk": 9, "fields": {"action_time": "2023-01-28T21:05:46.895Z", "user": 4, "content_type": 9, "object_id": "3", "object_repr": "л╨шъ ш ╠юЁЄш╗ ёючфр╕ь юўхэ№ яЁшыюцхэшх эр Swift", "action_flag": 2, "change_message": "[{\"changed\": {\"fields\": [\"Headline\", \"Text\"]}}]"}}, {"model": "admin.logentry", "pk": 10, "fields": {"action_time": "2023-01-28T21:11:26.309Z", "user": 4, "content_type": 9, "object_id": "3", "object_repr": "л╨шъ ш ╠юЁЄш╗ ёючфр╕ь юўхэ№ яЁшыюцхэшх эр Swift", "action_flag": 2, "change_message": "[{\"changed\": {\"fields\": [\"Text\"]}}]"}}, {"model": "admin.logentry", "pk": 11, "fields": {"action_time": "2023-01-28T21:14:13.338Z", "user": 4, "content_type": 9, "object_id": "3", "object_repr": "л╨шъ ш ╠юЁЄш╗ ёючфр╕ь юўхэ№ яЁшыюцхэшх эр Swift", "action_flag": 2, "change_message": "[{\"changed\": {\"fields\": [\"Text\"]}}]"}}, {"model": "admin.logentry", "pk": 12, "fields": {"action_time": "2023-01-28T21:17:26.208Z", "user": 4, "content_type": 9, "object_id": "3", "object_repr": "л╨шъ ш ╠юЁЄш╗ ёючфр╕ь юўхэ№ яЁшыюцхэшх эр Swift", "action_flag": 2, "change_message": "[{\"changed\": {\"fields\": [\"Text\"]}}]"}}, {"model": "admin.logentry", "pk": 13, "fields": {"action_time": "2023-01-28T21:28:26.342Z", "user": 4, "content_type": 9, "object_id": "3", "object_repr": "л╨шъ ш ╠юЁЄш╗ ёючфр╕ь юўхэ№ яЁшыюцхэшх эр Swift", "action_flag": 2, "change_message": "[{\"changed\": {\"fields\": [\"Text\"]}}]"}}, {"model": "admin.logentry", "pk": 14, "fields": {"action_time": "2023-01-28T21:40:45.523Z", "user": 4, "content_type": 9, "object_id": "3", "object_repr": "л╨шъ ш ╠юЁЄш╗ ёючфр╕ь юўхэ№ яЁшыюцхэшх эр Swift", "action_flag": 2, "change_message": "[{\"changed\": {\"fields\": [\"Text\"]}}]"}}, {"model": "admin.logentry", "pk": 15, "fields": {"action_time": "2023-01-30T15:54:00.765Z", "user": 4, "content_type": 9, "object_id": "3", "object_repr": "л╨шъ ш ╠юЁЄш╗ ёючфр╕ь  яЁшыюцхэшх эр Swift", "action_flag": 2, "change_message": "[{\"changed\": {\"fields\": [\"Headline\", \"Text\"]}}]"}}, {"model": "admin.logentry", "pk": 16, "fields": {"action_time": "2023-01-30T15:54:18.001Z", "user": 4, "content_type": 9, "object_id": "3", "object_repr": "л╨шъ ш ╠юЁЄш╗ ёючфр╕ь  яЁшыюцхэшх эр Swift", "action_flag": 2, "change_message": "[]"}}, {"model": "admin.logentry", "pk": 17, "fields": {"action_time": "2023-03-10T07:10:51.612Z", "user": 5, "content_type": 10, "object_id": "1", "object_repr": "PostCategory object (1)", "action_flag": 1, "change_message": "[{\"added\": {}}]"}}, {"model": "admin.logentry", "pk": 18, "fields": {"action_time": "2023-03-10T07:10:57.832Z", "user": 5, "content_type": 10, "object_id": "2", "object_repr": "PostCategory object (2)", "action_flag": 1, "change_message": "[{\"added\": {}}]"}}, {"model": "admin.logentry", "pk": 19, "fields": {"action_time": "2023-03-10T07:11:04.088Z", "user": 5, "content_type": 10, "object_id": "3", "object_repr": "PostCategory object (3)", "action_flag": 1, "change_message": "[{\"added\": {}}]"}}, {"model": "admin.logentry", "pk": 20, "fields": {"action_time": "2023-03-10T07:11:36.399Z", "user": 5, "content_type": 4, "object_id": "3", "object_repr": "Malkin", "action_flag": 2, "change_message": "[{\"changed\": {\"fields\": [\"password\"]}}]"}}, {"model": "admin.logentry", "pk": 21, "fields": {"action_time": "2023-03-10T07:11:39.013Z", "user": 5, "content_type": 4, "object_id": "3", "object_repr": "Malkin", "action_flag": 2, "change_message": "[]"}}, {"model": "admin.logentry", "pk": 22, "fields": {"action_time": "2023-03-10T07:11:53.939Z", "user": 5, "content_type": 4, "object_id": "2", "object_repr": "Osipov", "action_flag": 2, "change_message": "[{\"changed\": {\"fields\": [\"password\"]}}]"}}, {"model": "admin.logentry", "pk": 23, "fields": {"action_time": "2023-03-10T07:11:56.270Z", "user": 5, "content_type": 4, "object_id": "2", "object_repr": "Osipov", "action_flag": 2, "change_message": "[]"}}, {"model": "admin.logentry", "pk": 24, "fields": {"action_time": "2023-03-10T07:12:08.754Z", "user": 5, "content_type": 4, "object_id": "1", "object_repr": "Popov", "action_flag": 2, "change_message": "[{\"changed\": {\"fields\": [\"password\"]}}]"}}, {"model": "admin.logentry", "pk": 25, "fields": {"action_time": "2023-03-10T07:12:13.433Z", "user": 5, "content_type": 4, "object_id": "1", "object_repr": "Popov", "action_flag": 2, "change_message": "[]"}}, {"model": "admin.logentry", "pk": 26, "fields": {"action_time": "2023-03-11T08:39:43.882Z", "user": 5, "content_type": 4, "object_id": "3", "object_repr": "Malkin", "action_flag": 2, "change_message": "[{\"changed\": {\"fields\": [\"Email address\"]}}]"}}, {"model": "admin.logentry", "pk": 27, "fields": {"action_time": "2023-03-11T08:43:51.768Z", "user": 5, "content_type": 12, "object_id": "1", "object_repr": "127.0.0.1", "action_flag": 2, "change_message": "[{\"changed\": {\"fields\": [\"Domain name\"]}}]"}}, {"model": "admin.logentry", "pk": 28, "fields": {"action_time": "2023-03-11T08:44:46.546Z", "user": 5, "content_type": 12, "object_id": "1", "object_repr": "127.0.0.1", "action_flag": 2, "change_message": "[]"}}, {"model": "admin.logentry", "pk": 29, "fields": {"action_time": "2023-03-11T08:46:20.072Z", "user": 5, "content_type": 17, "object_id": "1", "object_repr": "Google", "action_flag": 1, "change_message": "[{\"added\": {}}]"}}, {"model": "admin.logentry", "pk": 30, "fields": {"action_time": "2023-03-11T08:46:59.954Z", "user": 5, "content_type": 4, "object_id": "3", "object_repr": "Malkin", "action_flag": 2, "change_message": "[{\"changed\": {\"fields\": [\"Email address\"]}}]"}}, {"model": "admin.logentry", "pk": 31, "fields": {"action_time": "2023-03-11T08:49:39.432Z", "user": 5, "content_type": 12, "object_id": "1", "object_repr": "http://127.0.0.1:8000", "action_flag": 2, "change_message": "[{\"changed\": {\"fields\": [\"Domain name\", \"Display name\"]}}]"}}, {"model": "admin.logentry", "pk": 32, "fields": {"action_time": "2023-03-11T08:49:52.227Z", "user": 5, "content_type": 17, "object_id": "1", "object_repr": "Google", "action_flag": 2, "change_message": "[]"}}, {"model": "admin.logentry", "pk": 33, "fields": {"action_time": "2023-03-11T08:50:07.550Z", "user": 5, "content_type": 4, "object_id": "3", "object_repr": "Malkin", "action_flag": 2, "change_message": "[{\"changed\": {\"fields\": [\"Email address\"]}}]"}}, {"model": "admin.logentry", "pk": 34, "fields": {"action_time": "2023-03-11T08:55:36.977Z", "user": 5, "content_type": 4, "object_id": "2", "object_repr": "Osipov", "action_flag": 2, "change_message": "[{\"changed\": {\"fields\": [\"Email address\"]}}]"}}, {"model": "admin.logentry", "pk": 35, "fields": {"action_time": "2023-03-11T08:55:47.171Z", "user": 5, "content_type": 4, "object_id": "1", "object_repr": "Popov", "action_flag": 2, "change_message": "[{\"changed\": {\"fields\": [\"Email address\"]}}]"}}, {"model": "admin.logentry", "pk": 36, "fields": {"action_time": "2023-03-11T09:06:37.386Z", "user": 5, "content_type": 4, "object_id": "6", "object_repr": "olya2093", "action_flag": 3, "change_message": ""}}, {"model": "admin.logentry", "pk": 37, "fields": {"action_time": "2023-03-11T09:13:24.675Z", "user": 5, "content_type": 3, "object_id": "1", "object_repr": "common", "action_flag": 1, "change_message": "[{\"added\": {}}]"}}, {"model": "admin.logentry", "pk": 38, "fields": {"action_time": "2023-03-11T09:13:34.629Z", "user": 5, "content_type": 3, "object_id": "1", "object_repr": "common", "action_flag": 2, "change_message": "[]"}}, {"model": "admin.logentry", "pk": 39, "fields": {"action_time": "2023-03-11T09:13:45.032Z", "user": 5, "content_type": 3, "object_id": "2", "object_repr": "authors", "action_flag": 1, "change_message": "[{\"added\": {}}]"}}, {"model": "admin.logentry", "pk": 40, "fields": {"action_time": "2023-03-11T09:13:55.683Z", "user": 5, "content_type": 4, "object_id": "3", "object_repr": "Malkin", "action_flag": 2, "change_message": "[{\"changed\": {\"fields\": [\"Groups\"]}}]"}}, {"model": "admin.logentry", "pk": 41, "fields": {"action_time": "2023-03-11T09:14:01.912Z", "user": 5, "content_type": 4, "object_id": "2", "object_repr": "Osipov", "action_flag": 2, "change_message": "[{\"changed\": {\"fields\": [\"Groups\"]}}]"}}, {"model": "admin.logentry", "pk": 42, "fields": {"action_time": "2023-03-11T09:14:10.015Z", "user": 5, "content_type": 4, "object_id": "1", "object_repr": "Popov", "action_flag": 2, "change_message": "[{\"changed\": {\"fields\": [\"Groups\"]}}]"}}, {"model": "admin.logentry", "pk": 43, "fields": {"action_time": "2023-03-12T09:28:57.630Z", "user": 5, "content_type": 3, "object_id": "2", "object_repr": "authors", "action_flag": 2, "change_message": "[{\"changed\": {\"fields\": [\"Permissions\"]}}]"}}, {"model": "admin.logentry", "pk": 44, "fields": {"action_time": "2023-03-13T08:17:53.199Z", "user": 5, "content_type": 4, "object_id": "9", "object_repr": "shunyaevalexander", "action_flag": 3, "change_message": ""}}, {"model": "admin.logentry", "pk": 45, "fields": {"action_time": "2023-03-14T08:16:01.802Z", "user": 5, "content_type": 10, "object_id": "1", "object_repr": "PostCategory object (1)", "action_flag": 2, "change_message": "[]"}}, {"model": "admin.logentry", "pk": 46, "fields": {"action_time": "2023-03-14T08:16:07.477Z", "user": 5, "content_type": 10, "object_id": "2", "object_repr": "PostCategory object (2)", "action_flag": 2, "change_message": "[{\"changed\": {\"fields\": [\"Categorys\"]}}]"}}, {"model": "admin.logentry", "pk": 47, "fields": {"action_time": "2023-03-14T08:16:15.874Z", "user": 5, "content_type": 10, "object_id": "3", "object_repr": "PostCategory object (3)", "action_flag": 2, "change_message": "[{\"changed\": {\"fields\": [\"Categorys\"]}}]"}}, {"model": "admin.logentry", "pk": 48, "fields": {"action_time": "2023-03-14T14:30:55.457Z", "user": 5, "content_type": 4, "object_id": "3", "object_repr": "Malkin", "action_flag": 2, "change_message": "[{\"changed\": {\"fields\": [\"Email address\"]}}]"}}, {"model": "admin.logentry", "pk": 49, "fields": {"action_time": "2023-03-14T20:11:21.664Z", "user": 5, "content_type": 8, "object_id": "1", "object_repr": "Sport", "action_flag": 2, "change_message": "[{\"changed\": {\"fields\": [\"Subscribers\"]}}]"}}, {"model": "admin.logentry", "pk": 50, "fields": {"action_time": "2023-03-14T20:11:31.132Z", "user": 5, "content_type": 8, "object_id": "2", "object_repr": "Films", "action_flag": 2, "change_message": "[{\"changed\": {\"fields\": [\"Subscribers\"]}}]"}}, {"model": "admin.logentry", "pk": 51, "fields": {"action_time": "2023-03-14T20:11:40.800Z", "user": 5, "content_type": 8, "object_id": "4", "object_repr": "Music", "action_flag": 2, "change_message": "[{\"changed\": {\"fields\": [\"Subscribers\"]}}]"}}, {"model": "admin.logentry", "pk": 52, "fields": {"action_time": "2023-03-14T20:12:15.066Z", "user": 5, "content_type": 8, "object_id": "3", "object_repr": "Politic", "action_flag": 2, "change_message": "[{\"changed\": {\"fields\": [\"Subscribers\"]}}]"}}, {"model": "admin.logentry", "pk": 53, "fields": {"action_time": "2023-03-14T20:12:37.945Z", "user": 5, "content_type": 4, "object_id": "7", "object_repr": "olya2093", "action_flag": 2, "change_message": "[]"}}, {"model": "auth.permission", "pk": 1, "fields": {"name": "Can add log entry", "content_type": 1, "codename": "add_logentry"}}, {"model": "auth.permission", "pk": 2, "fields": {"name": "Can change log entry", "content_type": 1, "codename": "change_logentry"}}, {"model": "auth.permission", "pk": 3, "fields": {"name": "Can delete log entry", "content_type": 1, "codename": "delete_logentry"}}, {"model": "auth.permission", "pk": 4, "fields": {"name": "Can view log entry", "content_type": 1, "codename": "view_logentry"}}, {"model": "auth.permission", "pk": 5, "fields": {"name": "Can add permission", "content_type": 2, "codename": "add_permission"}}, {"model": "auth.permission", "pk": 6, "fields": {"name": "Can change permission", "content_type": 2, "codename": "change_permission"}}, {"model": "auth.permission", "pk": 7, "fields": {"name": "Can delete permission", "content_type": 2, "codename": "delete_permission"}}, {"model": "auth.permission", "pk": 8, "fields": {"name": "Can view permission", "content_type": 2, "codename": "view_permission"}}, {"model": "auth.permission", "pk": 9, "fields": {"name": "Can add group", "content_type": 3, "codename": "add_group"}}, {"model": "auth.permission", "pk": 10, "fields": {"name": "Can change group", "content_type": 3, "codename": "change_group"}}, {"model": "auth.permission", "pk": 11, "fields": {"name": "Can delete group", "content_type": 3, "codename": "delete_group"}}, {"model": "auth.permission", "pk": 12, "fields": {"name": "Can view group", "content_type": 3, "codename": "view_group"}}, {"model": "auth.permission", "pk": 13, "fields": {"name": "Can add user", "content_type": 4, "codename": "add_user"}}, {"model": "auth.permission", "pk": 14, "fields": {"name": "Can change user", "content_type": 4, "codename": "change_user"}}, {"model": "auth.permission", "pk": 15, "fields": {"name": "Can delete user", "content_type": 4, "codename": "delete_user"}}, {"model": "auth.permission", "pk": 16, "fields": {"name": "Can view user", "content_type": 4, "codename": "view_user"}}, {"model": "auth.permission", "pk": 17, "fields": {"name": "Can add content type", "content_type": 5, "codename": "add_contenttype"}}, {"model": "auth.permission", "pk": 18, "fields": {"name": "Can change content type", "content_type": 5, "codename": "change_contenttype"}}, {"model": "auth.permission", "pk": 19, "fields": {"name": "Can delete content type", "content_type": 5, "codename": "delete_contenttype"}}, {"model": "auth.permission", "pk": 20, "fields": {"name": "Can view content type", "content_type": 5, "codename": "view_contenttype"}}, {"model": "auth.permission", "pk": 21, "fields": {"name": "Can add session", "content_type": 6, "codename": "add_session"}}, {"model": "auth.permission", "pk": 22, "fields": {"name": "Can change session", "content_type": 6, "codename": "change_session"}}, {"model": "auth.permission", "pk": 23, "fields": {"name": "Can delete session", "content_type": 6, "codename": "delete_session"}}, {"model": "auth.permission", "pk": 24, "fields": {"name": "Can view session", "content_type": 6, "codename": "view_session"}}, {"model": "auth.permission", "pk": 25, "fields": {"name": "Can add author", "content_type": 7, "codename": "add_author"}}, {"model": "auth.permission", "pk": 26, "fields": {"name": "Can change author", "content_type": 7, "codename": "change_author"}}, {"model": "auth.permission", "pk": 27, "fields": {"name": "Can delete author", "content_type": 7, "codename": "delete_author"}}, {"model": "auth.permission", "pk": 28, "fields": {"name": "Can view author", "content_type": 7, "codename": "view_author"}}, {"model": "auth.permission", "pk": 29, "fields": {"name": "Can add category", "content_type": 8, "codename": "add_category"}}, {"model": "auth.permission", "pk": 30, "fields": {"name": "Can change category", "content_type": 8, "codename": "change_category"}}, {"model": "auth.permission", "pk": 31, "fields": {"name": "Can delete category", "content_type": 8, "codename": "delete_category"}}, {"model": "auth.permission", "pk": 32, "fields": {"name": "Can view category", "content_type": 8, "codename": "view_category"}}, {"model": "auth.permission", "pk": 33, "fields": {"name": "Can add post", "content_type": 9, "codename": "add_post"}}, {"model": "auth.permission", "pk": 34, "fields": {"name": "Can change post", "content_type": 9, "codename": "change_post"}}, {"model": "auth.permission", "pk": 35, "fields": {"name": "Can delete post", "content_type": 9, "codename": "delete_post"}}, {"model": "auth.permission", "pk": 36, "fields": {"name": "Can view post", "content_type": 9, "codename": "view_post"}}, {"model": "auth.permission", "pk": 37, "fields": {"name": "Can add post category", "content_type": 10, "codename": "add_postcategory"}}, {"model": "auth.permission", "pk": 38, "fields": {"name": "Can change post category", "content_type": 10, "codename": "change_postcategory"}}, {"model": "auth.permission", "pk": 39, "fields": {"name": "Can delete post category", "content_type": 10, "codename": "delete_postcategory"}}, {"model": "auth.permission", "pk": 40, "fields": {"name": "Can view post category", "content_type": 10, "codename": "view_postcategory"}}, {"model": "auth.permission", "pk": 41, "fields": {"name": "Can add comment", "content_type": 11, "codename": "add_comment"}}, {"model": "auth.permission", "pk": 42, "fields": {"name": "Can change comment", "content_type": 11, "codename": "change_comment"}}, {"model": "auth.permission", "pk": 43, "fields": {"name": "Can delete comment", "content_type": 11, "codename": "delete_comment"}}, {"model": "auth.permission", "pk": 44, "fields": {"name": "Can view comment", "content_type": 11, "codename": "view_comment"}}, {"model": "auth.permission", "pk": 45, "fields": {"name": "Can add site", "content_type": 12, "codename": "add_site"}}, {"model": "auth.permission", "pk": 46, "fields": {"name": "Can change site", "content_type": 12, "codename": "change_site"}}, {"model": "auth.permission", "pk": 47, "fields": {"name": "Can delete site", "content_type": 12, "codename": "delete_site"}}, {"model": "auth.permission", "pk": 48, "fields": {"name": "Can view site", "content_type": 12, "codename": "view_site"}}, {"model": "auth.permission", "pk": 49, "fields": {"name": "Can add flat page", "content_type": 13, "codename": "add_flatpage"}}, {"model": "auth.permission", "pk": 50, "fields": {"name": "Can change flat page", "content_type": 13, "codename": "change_flatpage"}}, {"model": "auth.permission", "pk": 51, "fields": {"name": "Can delete flat page", "content_type": 13, "codename": "delete_flatpage"}}, {"model": "auth.permission", "pk": 52, "fields": {"name": "Can view flat page", "content_type": 13, "codename": "view_flatpage"}}, {"model": "auth.permission", "pk": 53, "fields": {"name": "Can add email address", "content_type": 14, "codename": "add_emailaddress"}}, {"model": "auth.permission", "pk": 54, "fields": {"name": "Can change email address", "content_type": 14, "codename": "change_emailaddress"}}, {"model": "auth.permission", "pk": 55, "fields": {"name": "Can delete email address", "content_type": 14, "codename": "delete_emailaddress"}}, {"model": "auth.permission", "pk": 56, "fields": {"name": "Can view email address", "content_type": 14, "codename": "view_emailaddress"}}, {"model": "auth.permission", "pk": 57, "fields": {"name": "Can add email confirmation", "content_type": 15, "codename": "add_emailconfirmation"}}, {"model": "auth.permission", "pk": 58, "fields": {"name": "Can change email confirmation", "content_type": 15, "codename": "change_emailconfirmation"}}, {"model": "auth.permission", "pk": 59, "fields": {"name": "Can delete email confirmation", "content_type": 15, "codename": "delete_emailconfirmation"}}, {"model": "auth.permission", "pk": 60, "fields": {"name": "Can view email confirmation", "content_type": 15, "codename": "view_emailconfirmation"}}, {"model": "auth.permission", "pk": 61, "fields": {"name": "Can add social account", "content_type": 16, "codename": "add_socialaccount"}}, {"model": "auth.permission", "pk": 62, "fields": {"name": "Can change social account", "content_type": 16, "codename": "change_socialaccount"}}, {"model": "auth.permission", "pk": 63, "fields": {"name": "Can delete social account", "content_type": 16, "codename": "delete_socialaccount"}}, {"model": "auth.permission", "pk": 64, "fields": {"name": "Can view social account", "content_type": 16, "codename": "view_socialaccount"}}, {"model": "auth.permission", "pk": 65, "fields": {"name": "Can add social application", "content_type": 17, "codename": "add_socialapp"}}, {"model": "auth.permission", "pk": 66, "fields": {"name": "Can change social application", "content_type": 17, "codename": "change_socialapp"}}, {"model": "auth.permission", "pk": 67, "fields": {"name": "Can delete social application", "content_type": 17, "codename": "delete_socialapp"}}, {"model": "auth.permission", "pk": 68, "fields": {"name": "Can view social application", "content_type": 17, "codename": "view_socialapp"}}, {"model": "auth.permission", "pk": 69, "fields": {"name": "Can add social application token", "content_type": 18, "codename": "add_socialtoken"}}, {"model": "auth.permission", "pk": 70, "fields": {"name": "Can change social application token", "content_type": 18, "codename": "change_socialtoken"}}, {"model": "auth.permission", "pk": 71, "fields": {"name": "Can delete social application token", "content_type": 18, "codename": "delete_socialtoken"}}, {"model": "auth.permission", "pk": 72, "fields": {"name": "Can view social application token", "content_type": 18, "codename": "view_socialtoken"}}, {"model": "auth.permission", "pk": 73, "fields": {"name": "Can add django job", "content_type": 19, "codename": "add_djangojob"}}, {"model": "auth.permission", "pk": 74, "fields": {"name": "Can change django job", "content_type": 19, "codename": "change_djangojob"}}, {"model": "auth.permission", "pk": 75, "fields": {"name": "Can delete django job", "content_type": 19, "codename": "delete_djangojob"}}, {"model": "auth.permission", "pk": 76, "fields": {"name": "Can view django job", "content_type": 19, "codename": "view_djangojob"}}, {"model": "auth.permission", "pk": 77, "fields": {"name": "Can add django job execution", "content_type": 20, "codename": "add_djangojobexecution"}}, {"model": "auth.permission", "pk": 78, "fields": {"name": "Can change django job execution", "content_type": 20, "codename": "change_djangojobexecution"}}, {"model": "auth.permission", "pk": 79, "fields": {"name": "Can delete django job execution", "content_type": 20, "codename": "delete_djangojobexecution"}}, {"model": "auth.permission", "pk": 80, "fields": {"name": "Can view django job execution", "content_type": 20, "codename": "view_djangojobexecution"}}, {"model": "auth.group", "pk": 1, "fields": {"name": "common", "permissions": []}}, {"model": "auth.group", "pk": 2, "fields": {"name": "authors", "permissions": [33, 34, 35]}}, {"model": "auth.user", "pk": 1, "fields": {"password": "pbkdf2_sha256$390000$fEQQPGn5as96CNfxDyvcRd$xQp+YSq6nocrBLZ+F2JfDwtqrPUlLuIla153MTDgouA=", "last_login": null, "is_superuser": false, "username": "Popov", "first_name": "", "last_name": "", "email": "popov@mail.ru", "is_staff": false, "is_active": true, "date_joined": "2023-01-20T18:19:40Z", "groups": [1], "user_permissions": []}}, {"model": "auth.user", "pk": 2, "fields": {"password": "pbkdf2_sha256$390000$TGBODzb6kRN5UsRHz0TiEY$vRJkhXs+Qe7VCRcF59UbEUGm84Uu6pVcNF7s7U259DI=", "last_login": "2023-03-11T10:49:13.111Z", "is_superuser": false, "username": "Osipov", "first_name": "", "last_name": "", "email": "osipov@yandex.ru", "is_staff": false, "is_active": true, "date_joined": "2023-01-20T18:20:13Z", "groups": [1, 2], "user_permissions": []}}, {"model": "auth.user", "pk": 3, "fields": {"password": "pbkdf2_sha256$390000$7rBCV3XxLDLCKpMrS4AHJ7$ICVU1vCsUskA8yNDJ/xguTOAUtZzjobt579ZAj0O9H4=", "last_login": "2023-03-12T09:37:12Z", "is_superuser": false, "username": "Malkin", "first_name": "", "last_name": "", "email": "newroad@gmail.com", "is_staff": false, "is_active": true, "date_joined": "2023-01-20T18:21:07Z", "groups": [1, 2], "user_permissions": []}}, {"model": "auth.user", "pk": 4, "fields": {"password": "pbkdf2_sha256$390000$1j2ODWujNGbWfMtwKiy70l$tWZZzCXu0eVOf1/RwRk6+1XZAxmGy0ACNcX+00aE07M=", "last_login": "2023-02-14T11:27:17.778Z", "is_superuser": true, "username": "admnews", "first_name": "", "last_name": "", "email": "", "is_staff": true, "is_active": true, "date_joined": "2023-01-24T16:54:52.896Z", "groups": [], "user_permissions": []}}, {"model": "auth.user", "pk": 5, "fields": {"password": "pbkdf2_sha256$390000$psQTDwdbW3pwgKceqjP8nn$lKpMBqDfcHQQY9WXqdBrT1PJA35N0KLlfTs/GUXV8iI=", "last_login": "2023-03-14T22:16:50.363Z", "is_superuser": true, "username": "project", "first_name": "", "last_name": "", "email": "", "is_staff": true, "is_active": true, "date_joined": "2023-03-10T07:07:36.705Z", "groups": [2], "user_permissions": []}}, {"model": "auth.user", "pk": 7, "fields": {"password": "pbkdf2_sha256$390000$oA7BqXkHsVCjVshv7axDEP$zEQmDh2xR7IpeNnvlpLUo1ncjGmZgpy2MjRFqVS5HOo=", "last_login": "2023-03-14T20:18:34.311Z", "is_superuser": false, "username": "olya2093", "first_name": "", "last_name": "", "email": "olya2093@yandex.ru", "is_staff": false, "is_active": true, "date_joined": "2023-03-11T09:21:26Z", "groups": [1, 2], "user_permissions": []}}, {"model": "auth.user", "pk": 8, "fields": {"password": "pbkdf2_sha256$390000$QD6H3530RUwmwO3RLJF7CL$CEmpkAWCCOgAJSsfqzoZfcCgOoS/QsTfHo9u7aEutl8=", "last_login": "2023-03-12T09:36:41.855Z", "is_superuser": false, "username": "koneva6565", "first_name": "", "last_name": "", "email": "koneva6565@mail.ru", "is_staff": false, "is_active": true, "date_joined": "2023-03-11T09:46:57.766Z", "groups": [1], "user_permissions": []}}, {"model": "auth.user", "pk": 10, "fields": {"password": "pbkdf2_sha256$390000$X0Nupob3zsI4eYNmJUr7ZD$MDaggonPdbGrPkmKn3O09sszuGyxS19DgNunSsJvnvA=", "last_login": "2023-03-13T08:13:03.848Z", "is_superuser": false, "username": "tetsuser1", "first_name": "", "last_name": "", "email": "tetsuser1@mail.ru", "is_staff": false, "is_active": true, "date_joined": "2023-03-13T08:13:03.289Z", "groups": [1], "user_permissions": []}}, {"model": "auth.user", "pk": 11, "fields": {"password": "pbkdf2_sha256$390000$EWShfalDUjXa4Kv9zl6QRm$55Z4XPWD/CIIetSI34VvGdLofVYYJov8keLJqUoP4Go=", "last_login": "2023-03-13T08:16:40.235Z", "is_superuser": false, "username": "testuser2", "first_name": "", "last_name": "", "email": "testuser2@mail.ru", "is_staff": false, "is_active": true, "date_joined": "2023-03-13T08:16:39.701Z", "groups": [1], "user_permissions": []}}, {"model": "auth.user", "pk": 12, "fields": {"password": "pbkdf2_sha256$390000$devhMuEQ9jwpqGbjkdUcJG$rP5hgMGJwUZYEXYIWoPUi0tlJFpV3Qzqt9QIoAmqY8s=", "last_login": "2023-03-14T13:26:29.531Z", "is_superuser": false, "username": "test", "first_name": "", "last_name": "", "email": "test@mail.ru", "is_staff": false, "is_active": true, "date_joined": "2023-03-14T13:26:28.997Z", "groups": [1], "user_permissions": []}}, {"model": "auth.user", "pk": 13, "fields": {"password": "pbkdf2_sha256$390000$6pfwq8KKrsCbJr6rMy5RUy$ZuCpQj9Mkj//swgiK4PjW9tEkLLROAgVAolkR7e5U10=", "last_login": "2023-03-14T15:14:32.049Z", "is_superuser": false, "username": "newroad1993", "first_name": "", "last_name": "", "email": "newroad1993@gmail.com", "is_staff": false, "is_active": true, "date_joined": "2023-03-14T15:14:31.540Z", "groups": [1], "user_permissions": []}}, {"model": "auth.user", "pk": 14, "fields": {"password": "pbkdf2_sha256$390000$kVcifd9mq31ZizDv1b7thy$4BpfTw6nQwpeqLpWM6WpefJY4DbP3N1wJGZq6svzdEM=", "last_login": null, "is_superuser": false, "username": "shunyaevalexander", "first_name": "", "last_name": "", "email": "shunyaevalexander@yandex.ru", "is_staff": false, "is_active": true, "date_joined": "2023-03-14T22:18:20.102Z", "groups": [1], "user_permissions": []}}, {"model": "contenttypes.contenttype", "pk": 1, "fields": {"app_label": "admin", "model": "logentry"}}, {"model": "contenttypes.contenttype", "pk": 2, "fields": {"app_label": "auth", "model": "permission"}}, {"model": "contenttypes.contenttype", "pk": 3, "fields": {"app_label": "auth", "model": "group"}}, {"model": "contenttypes.contenttype", "pk": 4, "fields": {"app_label": "auth", "model": "user"}}, {"model": "contenttypes.contenttype", "pk": 5, "fields": {"app_label": "contenttypes", "model": "contenttype"}}, {"model": "contenttypes.contenttype", "pk": 6, "fields": {"app_label": "sessions", "model": "session"}}, {"model": "contenttypes.contenttype", "pk": 7, "fields": {"app_label": "news", "model": "author"}}, {"model": "contenttypes.contenttype", "pk": 8, "fields": {"app_label": "news", "model": "category"}}, {"model": "contenttypes.contenttype", "pk": 9, "fields": {"app_label": "news", "model": "post"}}, {"model": "contenttypes.contenttype", "pk": 10, "fields": {"app_label": "news", "model": "postcategory"}}, {"model": "contenttypes.contenttype", "pk": 11, "fields": {"app_label": "news", "model": "comment"}}, {"model": "contenttypes.contenttype", "pk": 12, "fields": {"app_label": "sites", "model": "site"}}, {"model": "contenttypes.contenttype", "pk": 13, "fields": {"app_label": "flatpages", "model": "flatpage"}}, {"model": "contenttypes.contenttype", "pk": 14, "fields": {"app_label": "account", "model": "emailaddress"}}, {"model": "contenttypes.contenttype", "pk": 15, "fields": {"app_label": "account", "model": "emailconfirmation"}}, {"model": "contenttypes.contenttype", "pk": 16, "fields": {"app_label": "socialaccount", "model": "socialaccount"}}, {"model": "contenttypes.contenttype", "pk": 17, "fields": {"app_label": "socialaccount", "model": "socialapp"}}, {"model": "contenttypes.contenttype", "pk": 18, "fields": {"app_label": "socialaccount", "model": "socialtoken"}}, {"model": "contenttypes.contenttype", "pk": 19, "fields": {"app_label": "django_apscheduler", "model": "djangojob"}}, {"model": "contenttypes.contenttype", "pk": 20, "fields": {"app_label": "django_apscheduler", "model": "djangojobexecution"}}, {"model": "sessions.session", "pk": "05hebufr74xfnl5k4q87ktaf3jwimihj", "fields": {"session_data": "e30:1paYKx:f7Gh_WJIKFqbTBcxzD5cQRkZ4o7oyNzf90ooVl8f74M", "expire_date": "2023-03-24T08:42:51.165Z"}}, {"model": "sessions.session", "pk": "1t0g52kethnenlt31a75wg7paffqvnow", "fields": {"session_data": "e30:1paYiC:RxBnSGeuov9uhIjCjsBnDkS1vpif1lZukVm3wlUMDaY", "expire_date": "2023-03-24T09:06:52.047Z"}}, {"model": "sessions.session", "pk": "5qy04f5t6f9jgevlb94y94hqb8hvwrvp", "fields": {"session_data": "eyJhY2NvdW50X3ZlcmlmaWVkX2VtYWlsIjpudWxsLCJhY2NvdW50X3VzZXIiOiJlIn0:1pcCyL:4OejWVidF6Kymky8CdVkuPFjQb0azSuEQirOFVqZqlk", "expire_date": "2023-03-28T22:18:21.581Z"}}, {"model": "sessions.session", "pk": "fezo0x372r8xzhrxbrt6tmyy51w6vdbt", "fields": {"session_data": ".eJxVjMsOwiAUBf-FtSFQHi0u3fsNhPtAqgaS0q6M_65NutDtmZnzEjFta4lb5yXOJM7CitPvBgkfXHdA91RvTWKr6zKD3BV50C6vjfh5Ody_g5J6-dasmCeVLVofcs7o0eAYIAQG1DSQdW7IxmnwAZRyo8FgJpc0kCJKrMT7AwbuOJc:1pRtSv:Nl94QsHRXu-uElAfukYkFv06O96odle4dJrvjekl-44", "expire_date": "2023-02-28T11:27:17.799Z"}}, {"model": "sessions.session", "pk": "g5btv5o5g09002abayz38ucac4v901hh", "fields": {"session_data": "e30:1paYLm:ut505jITXRjwjkzIBwJxDKxTJYb7Dl2Na4QD4c6KH60", "expire_date": "2023-03-24T08:43:42.680Z"}}, {"model": "sessions.session", "pk": "pre6ernf7ni38uegkbq1gsrfxnqptkmz", "fields": {"session_data": ".eJxVjMsOwiAUBf-FtSFQHi0u3fsNhPtAqgaS0q6M_65NutDtmZnzEjFta4lb5yXOJM7CitPvBgkfXHdA91RvTWKr6zKD3BV50C6vjfh5Ody_g5J6-dasmCeVLVofcs7o0eAYIAQG1DSQdW7IxmnwAZRyo8FgJpc0kCJKrMT7AwbuOJc:1pKMaE:7XmRzU1GBxaA-pxETDaXcQ0OQ34p3igZgsTXEqWgfl4", "expire_date": "2023-02-07T16:55:42.708Z"}}, {"model": "sessions.session", "pk": "punom3c8hdbbohb6wgj7szya3licixi8", "fields": {"session_data": ".eJxVjcsKwjAQRf8laynNO-lOfyRMJ1MaLKmYFBTx302lC53dfcy5LxZgq3PYCt1Dimxgkp1-vRHwSnkPYFl2uwPEdcu1-3aOuHTnpijXhFDTmi_H1x9qhjI3ju8VimgM99pZbrmUgixGF7W32oDgXhLGCczIhZIglB5dOyQ5TdEp3KGFSmkzgR63dH-yoX9_AIdjQw0:1pbI8e:JfIUrXBtDwOsAk6XJFRyu_muYnAY5vq-UQZMrlIZFF0", "expire_date": "2023-03-26T09:37:12.458Z"}}, {"model": "sessions.session", "pk": "q0x4cwps5erza8b3a8luy14pktvo5jar", "fields": {"session_data": "e30:1paYL6:w230YyAPDCaLDhw4j5SFjp7rlxugnhvU1CGtSzMscx0", "expire_date": "2023-03-24T08:43:00.125Z"}}, {"model": "sessions.session", "pk": "q8gfdggwp864gpte9zyezk4pak0f3q1f", "fields": {"session_data": ".eJxVjMsOwiAUBf-FtSFQHi0u3fsNhPtAqgaS0q6M_65NutDtmZnzEjFta4lb5yXOJM7CitPvBgkfXHdA91RvTWKr6zKD3BV50C6vjfh5Ody_g5J6-dasmCeVLVofcs7o0eAYIAQG1DSQdW7IxmnwAZRyo8FgJpc0kCJKrMT7AwbuOJc:1pLqIj:jTV9j10HO3igrXrxMfmeXz2oaJfYNoU8gVnSYobTgWo", "expire_date": "2023-02-11T18:51:45.283Z"}}, {"model": "news.post", "pk": 1, "fields": {"author_news": 1, "position": "P", "data_time_create": "2023-01-20T18:31:34.599Z", "headline": "└ЁухэЄшэр - ўхьяшюэ ьшЁр 2022", "text": "╤сюЁэр  └ЁухэЄшэ√ эрўрыр ¤ЄюЄ ўхьяшюэрЄ ьшЁр яю ЇєЄсюыє ё ёхэёрЎшюээюую яюЁрцхэш  ёсюЁэющ ╤рєфютёъющ └Ёртшш. \r\n╬фэръю ¤Єю эх яюьх°рыю рЁухэЄшэЎрь фющЄш фю Їшэрыр, т ъюЄюЁюь т фЁрьрЄшўэющ сюЁ№сх юэш юфхЁцрыш ттхЁї эрф ъюьрэфющ ╘ЁрэЎшш, ш т√шуЁрыш чртхЄэ√щ ЄЁюЇхщ.", "rating": 0.0}}, {"model": "news.post", "pk": 2, "fields": {"author_news": 2, "position": "N", "data_time_create": "2023-01-20T18:35:33.844Z", "headline": "╤┬╬ эр ╙ъЁршэх", "text": "╩юэЇышъЄ эр ╙ъЁршэх фюыцхэ чртхЁ°шЄ№ё  чръы■ўхэшхь ёяЁртхфыштюую ьшЁр, юфэръю яюёЄртъш Єрэъют ╩шхтє ¤Єюьє эх ёяюёюсёЄтє■Є , чр тшы яЁхфёЄртшЄхы№ ухэёхър ╬╬═ ╤ЄхЇрэ ─■црЁЁшъ.\r\n    л╠√ эх ёюсшЁрхьё  т√ёЄєярЄ№ ё ъюььхэЄрЁш ьш ърцф√щ Ёрч, ъюуфр [╩шхтє] сєфєЄ яюёЄєярЄ№ эют√х тююЁєцхэш . ╫Єю ь√ їюЄхыш с√ єтшфхЄ№ Ч Єръ ¤Єю ёяЁртхфышт√щ ьшЁ т ёююЄтхЄёЄтшш ё \r\n    ╙ёЄртюь ╬╬═ ш ьхцфєэрЁюфэ√ь яЁртюь. ═ю Єю, ўЄю ь√ тшфшь, эх фтшцхЄ эрё т ¤Єюь эряЁртыхэшш╗, Ч ёърчры юэ. \r\n    ┬ Єю цх тЁхь , фюсртшы ─■црЁЁшъ, ¤Єю эх юёЄрэртыштрхЄ ╬╬═ т юърчрэшш уєьрэшЄрЁэющ яюью∙ш.", "rating": 0.0}}, {"model": "news.post", "pk": 3, "fields": {"author_news": 1, "position": "N", "data_time_create": "2023-01-27T07:37:25.126Z", "headline": "л╨шъ ш ╠юЁЄш╗ ёючфр╕ь  яЁшыюцхэшх эр Swift", "text": "┬√яє∙хэр cхЁш  тшфхюєЁюъют яю ёючфрэш■ iOS-яЁшыюцхэш  эр Єхьє яюяєы Ёэюую ьєы№ЄёхЁшрыр ё яюью∙№■ Swift ш UIKit.", "rating": 0.0}}, {"model": "news.post", "pk": 4, "fields": {"author_news": 1, "position": "P", "data_time_create": "2023-03-14T20:17:17.007Z", "headline": "asdasd", "text": "asdasd", "rating": 0.0}}, {"model": "news.post", "pk": 5, "fields": {"author_news": 1, "position": "P", "data_time_create": "2023-03-14T20:18:42.596Z", "headline": "qweqwe", "text": "qweqweq", "rating": 0.0}}, {"model": "news.post", "pk": 6, "fields": {"author_news": 1, "position": "P", "data_time_create": "2023-03-14T20:19:42.353Z", "headline": "qweqwe", "text": "qweqweq", "rating": 0.0}}, {"model": "news.post", "pk": 7, "fields": {"author_news": 1, "position": "P", "data_time_create": "2023-03-14T20:40:48.682Z", "headline": "testNews", "text": "TEST TEST TEST TEST", "rating": 0.0}}, {"model": "news.postcategory", "pk": 1, "fields": {"posts": 1, "categorys": 1}}, {"model": "news.postcategory", "pk": 2, "fields": {"posts": 2, "categorys": 3}}, {"model": "news.postcategory", "pk": 3, "fields": {"posts": 3, "categorys": 2}}, {"model": "news.postcategory", "pk": 4, "fields": {"posts": 6, "categorys": 4}}, {"model": "news.postcategory", "pk": 5, "fields": {"posts": 7, "categorys": 4}}, {"model": "news.author", "pk": 1, "fields": {"author": 1, "user_rating": 0.0}}, {"model": "news.author", "pk": 2, "fields": {"author": 2, "user_rating": 0.0}}, {"model": "news.category", "pk": 1, "fields": {"name_category": "Sport", "subscribers": [7]}}, {"model": "news.category", "pk": 2, "fields": {"name_category": "Films", "subscribers": [7]}}, {"model": "news.category", "pk": 3, "fields": {"name_category": "Politic", "subscribers": [13]}}, {"model": "news.category", "pk": 4, "fields": {"name_category": "Music", "subscribers": [7]}}, {"model": "sites.site", "pk": 1, "fields": {"domain": "http://127.0.0.1:8000", "name": "http://127.0.0.1:8000"}}, {"model": "account.emailaddress", "pk": 2, "fields": {"user": 7, "email": "olya2093@yandex.ru", "verified": false, "primary": true}}, {"model": "account.emailaddress", "pk": 3, "fields": {"user": 8, "email": "koneva6565@mail.ru", "verified": false, "primary": true}}, {"model": "account.emailaddress", "pk": 5, "fields": {"user": 10, "email": "tetsuser1@mail.ru", "verified": false, "primary": true}}, {"model": "account.emailaddress", "pk": 6, "fields": {"user": 11, "email": "testuser2@mail.ru", "verified": false, "primary": true}}, {"model": "account.emailaddress", "pk": 7, "fields": {"user": 12, "email": "test@mail.ru", "verified": false, "primary": true}}, {"model": "account.emailaddress", "pk": 8, "fields": {"user": 13, "email": "newroad1993@gmail.com", "verified": false, "primary": true}}, {"model": "account.emailaddress", "pk": 9, "fields": {"user": 14, "email": "shunyaevalexander@yandex.ru", "verified": false, "primary": true}}, {"model": "socialaccount.socialapp", "pk": 1, "fields": {"provider": "google", "name": "Google", "client_id": "1035466659371-ndu1o71dl8gce04bii207m70ij5j1jq5.apps.googleusercontent.com", "secret": "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", "key": "", "sites": [1]}}, {"model": "django_apscheduler.djangojob", "pk": "delete_old_job_executions", "fields": {"next_run_time": "2023-03-19T21:00:00Z", "job_state": "gAWViwQAAAAAAAB9lCiMB3ZlcnNpb26USwGMAmlklIwZZGVsZXRlX29sZF9qb2JfZXhlY3V0aW9uc5SMBGZ1bmOUjEFuZXdzLm1hbmFnZW1lbnQuY29tbWFuZHMucnVuYXBzY2hlZHVsZXI6ZGVsZXRlX29sZF9qb2JfZXhlY3V0aW9uc5SMB3RyaWdnZXKUjBlhcHNjaGVkdWxlci50cmlnZ2Vycy5jcm9ulIwLQ3JvblRyaWdnZXKUk5QpgZR9lChoAUsCjAh0aW1lem9uZZSMG3B5dHpfZGVwcmVjYXRpb25fc2hpbS5faW1wbJSMCXdyYXBfem9uZZSTlIwIYnVpbHRpbnOUjAdnZXRhdHRylJOUjAh6b25laW5mb5SMCFpvbmVJbmZvlJOUjAlfdW5waWNrbGWUhpRSlIwNRXVyb3BlL01vc2Nvd5RLAYaUUpRoGYaUUpSMCnN0YXJ0X2RhdGWUTowIZW5kX2RhdGWUTowGZmllbGRzlF2UKIwgYXBzY2hlZHVsZXIudHJpZ2dlcnMuY3Jvbi5maWVsZHOUjAlCYXNlRmllbGSUk5QpgZR9lCiMBG5hbWWUjAR5ZWFylIwKaXNfZGVmYXVsdJSIjAtleHByZXNzaW9uc5RdlIwlYXBzY2hlZHVsZXIudHJpZ2dlcnMuY3Jvbi5leHByZXNzaW9uc5SMDUFsbEV4cHJlc3Npb26Uk5QpgZR9lIwEc3RlcJROc2JhdWJoIowKTW9udGhGaWVsZJSTlCmBlH2UKGgnjAVtb250aJRoKYhoKl2UaC4pgZR9lGgxTnNiYXViaCKMD0RheU9mTW9udGhGaWVsZJSTlCmBlH2UKGgnjANkYXmUaCmIaCpdlGguKYGUfZRoMU5zYmF1YmgijAlXZWVrRmllbGSUk5QpgZR9lChoJ4wEd2Vla5RoKYhoKl2UaC4pgZR9lGgxTnNiYXViaCKMDkRheU9mV2Vla0ZpZWxklJOUKYGUfZQoaCeMC2RheV9vZl93ZWVrlGgpiWgqXZRoLIwWV2Vla2RheVJhbmdlRXhwcmVzc2lvbpSTlCmBlH2UKGgxTowFZmlyc3SUSwCMBGxhc3SUSwB1YmF1YmgkKYGUfZQoaCeMBGhvdXKUaCmJaCpdlGgsjA9SYW5nZUV4cHJlc3Npb26Uk5QpgZR9lChoMU5oVEsAaFVLAHViYXViaCQpgZR9lChoJ4wGbWludXRllGgpiWgqXZRoWymBlH2UKGgxTmhUSwBoVUsAdWJhdWJoJCmBlH2UKGgnjAZzZWNvbmSUaCmIaCpdlGhbKYGUfZQoaDFOaFRLAGhVSwB1YmF1YmWMBmppdHRlcpROdWKMCGV4ZWN1dG9ylIwHZGVmYXVsdJSMBGFyZ3OUKYwGa3dhcmdzlH2UaCdoA4wSbWlzZmlyZV9ncmFjZV90aW1llEsBjAhjb2FsZXNjZZSIjA1tYXhfaW5zdGFuY2VzlEsBjA1uZXh0X3J1bl90aW1llIwIZGF0ZXRpbWWUjAhkYXRldGltZZSTlEMKB+cDFAAAAAAAAJRoHYaUUpR1Lg=="}}, {"model": "django_apscheduler.djangojob", "pk": "my_job", "fields": {"next_run_time": "2023-03-14T22:01:17Z", "job_state": "gAWVBwQAAAAAAAB9lCiMB3ZlcnNpb26USwGMAmlklIwGbXlfam9ilIwEZnVuY5SMLm5ld3MubWFuYWdlbWVudC5jb21tYW5kcy5ydW5hcHNjaGVkdWxlcjpteV9qb2KUjAd0cmlnZ2VylIwZYXBzY2hlZHVsZXIudHJpZ2dlcnMuY3JvbpSMC0Nyb25UcmlnZ2VylJOUKYGUfZQoaAFLAowIdGltZXpvbmWUjBtweXR6X2RlcHJlY2F0aW9uX3NoaW0uX2ltcGyUjAl3cmFwX3pvbmWUk5SMCGJ1aWx0aW5zlIwHZ2V0YXR0cpSTlIwIem9uZWluZm+UjAhab25lSW5mb5STlIwJX3VucGlja2xllIaUUpSMDUV1cm9wZS9Nb3Njb3eUSwGGlFKUaBmGlFKUjApzdGFydF9kYXRllE6MCGVuZF9kYXRllE6MBmZpZWxkc5RdlCiMIGFwc2NoZWR1bGVyLnRyaWdnZXJzLmNyb24uZmllbGRzlIwJQmFzZUZpZWxklJOUKYGUfZQojARuYW1llIwEeWVhcpSMCmlzX2RlZmF1bHSUiIwLZXhwcmVzc2lvbnOUXZSMJWFwc2NoZWR1bGVyLnRyaWdnZXJzLmNyb24uZXhwcmVzc2lvbnOUjA1BbGxFeHByZXNzaW9ulJOUKYGUfZSMBHN0ZXCUTnNiYXViaCKMCk1vbnRoRmllbGSUk5QpgZR9lChoJ4wFbW9udGiUaCmIaCpdlGguKYGUfZRoMU5zYmF1YmgijA9EYXlPZk1vbnRoRmllbGSUk5QpgZR9lChoJ4wDZGF5lGgpiGgqXZRoLimBlH2UaDFOc2JhdWJoIowJV2Vla0ZpZWxklJOUKYGUfZQoaCeMBHdlZWuUaCmIaCpdlGguKYGUfZRoMU5zYmF1YmgijA5EYXlPZldlZWtGaWVsZJSTlCmBlH2UKGgnjAtkYXlfb2Zfd2Vla5RoKYhoKl2UaC4pgZR9lGgxTnNiYXViaCQpgZR9lChoJ4wEaG91cpRoKYhoKl2UaC4pgZR9lGgxTnNiYXViaCQpgZR9lChoJ4wGbWludXRllGgpiGgqXZRoLimBlH2UaDFOc2JhdWJoJCmBlH2UKGgnjAZzZWNvbmSUaCmIaCpdlGguKYGUfZRoMU5zYmF1YmWMBmppdHRlcpROdWKMCGV4ZWN1dG9ylIwHZGVmYXVsdJSMBGFyZ3OUKYwGa3dhcmdzlH2UaCdoA4wSbWlzZmlyZV9ncmFjZV90aW1llEsBjAhjb2FsZXNjZZSIjA1tYXhfaW5zdGFuY2VzlEsBjA1uZXh0X3J1bl90aW1llIwIZGF0ZXRpbWWUjAhkYXRldGltZZSTlEMKB+cDDwEBEQAAAJRoHYaUUpR1Lg=="}}, {"model": "django_apscheduler.djangojobexecution", "pk": 1, "fields": {"job": "my_job", "status": "Error!", "run_time": "2023-03-14T21:36:32Z", "duration": "0.26", "finished": "1678829792.26", "exception": "Cannot resolve keyword 'date' into field. Choices are: author_news, author_news_id, category, comment, data_time_create, headline, id, position, postcategory, rating, text", "traceback": "  File \"C:\\Python310\\lib\\site-packages\\apscheduler\\executors\\base.py\", line 125, in run_job\n    retval = job.func(*job.args, **job.kwargs)\n  File \"C:\\Users\\shuny\\OneDrive\\╨рсюўшщ ёЄюы\\newpaperD7_7-main\\news\\management\\commands\\runapscheduler.py\", line 24, in my_job\n    post = Post.objects.filter(date__gte=last_week)\n  File \"C:\\Python310\\lib\\site-packages\\django\\db\\models\\manager.py\", line 85, in manager_method\n    return getattr(self.get_queryset(), name)(*args, **kwargs)\n  File \"C:\\Python310\\lib\\site-packages\\django\\db\\models\\query.py\", line 1420, in filter\n    return self._filter_or_exclude(False, args, kwargs)\n  File \"C:\\Python310\\lib\\site-packages\\django\\db\\models\\query.py\", line 1438, in _filter_or_exclude\n    clone._filter_or_exclude_inplace(negate, args, kwargs)\n  File \"C:\\Python310\\lib\\site-packages\\django\\db\\models\\query.py\", line 1445, in _filter_or_exclude_inplace\n    self._query.add_q(Q(*args, **kwargs))\n  File \"C:\\Python310\\lib\\site-packages\\django\\db\\models\\sql\\query.py\", line 1532, in add_q\n    clause, _ = self._add_q(q_object, self.used_aliases)\n  File \"C:\\Python310\\lib\\site-packages\\django\\db\\models\\sql\\query.py\", line 1562, in _add_q\n    child_clause, needed_inner = self.build_filter(\n  File \"C:\\Python310\\lib\\site-packages\\django\\db\\models\\sql\\query.py\", line 1407, in build_filter\n    lookups, parts, reffed_expression = self.solve_lookup_type(arg)\n  File \"C:\\Python310\\lib\\site-packages\\django\\db\\models\\sql\\query.py\", line 1217, in solve_lookup_type\n    _, field, _, lookup_parts = self.names_to_path(lookup_splitted, self.get_meta())\n  File \"C:\\Python310\\lib\\site-packages\\django\\db\\models\\sql\\query.py\", line 1709, in names_to_path\n    raise FieldError(\n"}}, {"model": "django_apscheduler.djangojobexecution", "pk": 2, "fields": {"job": "my_job", "status": "Error!", "run_time": "2023-03-14T21:36:33Z", "duration": "0.06", "finished": "1678829793.06", "exception": "Cannot resolve keyword 'date' into field. Choices are: author_news, author_news_id, category, comment, data_time_create, headline, id, position, postcategory, rating, text", "traceback": "  File \"C:\\Python310\\lib\\site-packages\\apscheduler\\executors\\base.py\", line 125, in run_job\n    retval = job.func(*job.args, **job.kwargs)\n  File \"C:\\Users\\shuny\\OneDrive\\╨рсюўшщ ёЄюы\\newpaperD7_7-main\\news\\management\\commands\\runapscheduler.py\", line 24, in my_job\n    post = Post.objects.filter(date__gte=last_week)\n  File \"C:\\Python310\\lib\\site-packages\\django\\db\\models\\manager.py\", line 85, in manager_method\n    return getattr(self.get_queryset(), name)(*args, **kwargs)\n  File \"C:\\Python310\\lib\\site-packages\\django\\db\\models\\query.py\", line 1420, in filter\n    return self._filter_or_exclude(False, args, kwargs)\n  File \"C:\\Python310\\lib\\site-packages\\django\\db\\models\\query.py\", line 1438, in _filter_or_exclude\n    clone._filter_or_exclude_inplace(negate, args, kwargs)\n  File \"C:\\Python310\\lib\\site-packages\\django\\db\\models\\query.py\", line 1445, in _filter_or_exclude_inplace\n    self._query.add_q(Q(*args, **kwargs))\n  File \"C:\\Python310\\lib\\site-packages\\django\\db\\models\\sql\\query.py\", line 1532, in add_q\n    clause, _ = self._add_q(q_object, self.used_aliases)\n  File \"C:\\Python310\\lib\\site-packages\\django\\db\\models\\sql\\query.py\", line 1562, in _add_q\n    child_clause, needed_inner = self.build_filter(\n  File \"C:\\Python310\\lib\\site-packages\\django\\db\\models\\sql\\query.py\", line 1407, in build_filter\n    lookups, parts, reffed_expression = self.solve_lookup_type(arg)\n  File \"C:\\Python310\\lib\\site-packages\\django\\db\\models\\sql\\query.py\", line 1217, in solve_lookup_type\n    _, field, _, lookup_parts = self.names_to_path(lookup_splitted, self.get_meta())\n  File \"C:\\Python310\\lib\\site-packages\\django\\db\\models\\sql\\query.py\", line 1709, in names_to_path\n    raise FieldError(\n"}}, {"model": "django_apscheduler.djangojobexecution", "pk": 3, "fields": {"job": "my_job", "status": "Error!", "run_time": "2023-03-14T21:36:34Z", "duration": "0.08", "finished": "1678829794.08", "exception": "Cannot resolve keyword 'date' into field. Choices are: author_news, author_news_id, category, comment, data_time_create, headline, id, position, postcategory, rating, text", "traceback": "  File \"C:\\Python310\\lib\\site-packages\\apscheduler\\executors\\base.py\", line 125, in run_job\n    retval = job.func(*job.args, **job.kwargs)\n  File \"C:\\Users\\shuny\\OneDrive\\╨рсюўшщ ёЄюы\\newpaperD7_7-main\\news\\management\\commands\\runapscheduler.py\", line 24, in my_job\n    post = Post.objects.filter(date__gte=last_week)\n  File \"C:\\Python310\\lib\\site-packages\\django\\db\\models\\manager.py\", line 85, in manager_method\n    return getattr(self.get_queryset(), name)(*args, **kwargs)\n  File \"C:\\Python310\\lib\\site-packages\\django\\db\\models\\query.py\", line 1420, in filter\n    return self._filter_or_exclude(False, args, kwargs)\n  File \"C:\\Python310\\lib\\site-packages\\django\\db\\models\\query.py\", line 1438, in _filter_or_exclude\n    clone._filter_or_exclude_inplace(negate, args, kwargs)\n  File \"C:\\Python310\\lib\\site-packages\\django\\db\\models\\query.py\", line 1445, in _filter_or_exclude_inplace\n    self._query.add_q(Q(*args, **kwargs))\n  File \"C:\\Python310\\lib\\site-packages\\django\\db\\models\\sql\\query.py\", line 1532, in add_q\n    clause, _ = self._add_q(q_object, self.used_aliases)\n  File \"C:\\Python310\\lib\\site-packages\\django\\db\\models\\sql\\query.py\", line 1562, in _add_q\n    child_clause, needed_inner = self.build_filter(\n  File \"C:\\Python310\\lib\\site-packages\\django\\db\\models\\sql\\query.py\", line 1407, in build_filter\n    lookups, parts, reffed_expression = self.solve_lookup_type(arg)\n  File \"C:\\Python310\\lib\\site-packages\\django\\db\\models\\sql\\query.py\", line 1217, in solve_lookup_type\n    _, field, _, lookup_parts = self.names_to_path(lookup_splitted, self.get_meta())\n  File \"C:\\Python310\\lib\\site-packages\\django\\db\\models\\sql\\query.py\", line 1709, in names_to_path\n    raise FieldError(\n"}}, {"model": "django_apscheduler.djangojobexecution", "pk": 4, "fields": {"job": "my_job", "status": "Error!", "run_time": "2023-03-14T21:36:35Z", "duration": "0.07", "finished": "1678829795.07", "exception": "Cannot resolve keyword 'date' into field. Choices are: author_news, author_news_id, category, comment, data_time_create, headline, id, position, postcategory, rating, text", "traceback": "  File \"C:\\Python310\\lib\\site-packages\\apscheduler\\executors\\base.py\", line 125, in run_job\n    retval = job.func(*job.args, **job.kwargs)\n  File \"C:\\Users\\shuny\\OneDrive\\╨рсюўшщ ёЄюы\\newpaperD7_7-main\\news\\management\\commands\\runapscheduler.py\", line 24, in my_job\n    post = Post.objects.filter(date__gte=last_week)\n  File \"C:\\Python310\\lib\\site-packages\\django\\db\\models\\manager.py\", line 85, in manager_method\n    return getattr(self.get_queryset(), name)(*args, **kwargs)\n  File \"C:\\Python310\\lib\\site-packages\\django\\db\\models\\query.py\", line 1420, in filter\n    return self._filter_or_exclude(False, args, kwargs)\n  File \"C:\\Python310\\lib\\site-packages\\django\\db\\models\\query.py\", line 1438, in _filter_or_exclude\n    clone._filter_or_exclude_inplace(negate, args, kwargs)\n  File \"C:\\Python310\\lib\\site-packages\\django\\db\\models\\query.py\", line 1445, in _filter_or_exclude_inplace\n    self._query.add_q(Q(*args, **kwargs))\n  File \"C:\\Python310\\lib\\site-packages\\django\\db\\models\\sql\\query.py\", line 1532, in add_q\n    clause, _ = self._add_q(q_object, self.used_aliases)\n  File \"C:\\Python310\\lib\\site-packages\\django\\db\\models\\sql\\query.py\", line 1562, in _add_q\n    child_clause, needed_inner = self.build_filter(\n  File \"C:\\Python310\\lib\\site-packages\\django\\db\\models\\sql\\query.py\", line 1407, in build_filter\n    lookups, parts, reffed_expression = self.solve_lookup_type(arg)\n  File \"C:\\Python310\\lib\\site-packages\\django\\db\\models\\sql\\query.py\", line 1217, in solve_lookup_type\n    _, field, _, lookup_parts = self.names_to_path(lookup_splitted, self.get_meta())\n  File \"C:\\Python310\\lib\\site-packages\\django\\db\\models\\sql\\query.py\", line 1709, in names_to_path\n    raise FieldError(\n"}}, {"model": "django_apscheduler.djangojobexecution", "pk": 5, "fields": {"job": "my_job", "status": "Error!", "run_time": "2023-03-14T21:36:36Z", "duration": "0.06", "finished": "1678829796.06", "exception": "Cannot resolve keyword 'date' into field. Choices are: author_news, author_news_id, category, comment, data_time_create, headline, id, position, postcategory, rating, text", "traceback": "  File \"C:\\Python310\\lib\\site-packages\\apscheduler\\executors\\base.py\", line 125, in run_job\n    retval = job.func(*job.args, **job.kwargs)\n  File \"C:\\Users\\shuny\\OneDrive\\╨рсюўшщ ёЄюы\\newpaperD7_7-main\\news\\management\\commands\\runapscheduler.py\", line 24, in my_job\n    post = Post.objects.filter(date__gte=last_week)\n  File \"C:\\Python310\\lib\\site-packages\\django\\db\\models\\manager.py\", line 85, in manager_method\n    return getattr(self.get_queryset(), name)(*args, **kwargs)\n  File \"C:\\Python310\\lib\\site-packages\\django\\db\\models\\query.py\", line 1420, in filter\n    return self._filter_or_exclude(False, args, kwargs)\n  File \"C:\\Python310\\lib\\site-packages\\django\\db\\models\\query.py\", line 1438, in _filter_or_exclude\n    clone._filter_or_exclude_inplace(negate, args, kwargs)\n  File \"C:\\Python310\\lib\\site-packages\\django\\db\\models\\query.py\", line 1445, in _filter_or_exclude_inplace\n    self._query.add_q(Q(*args, **kwargs))\n  File \"C:\\Python310\\lib\\site-packages\\django\\db\\models\\sql\\query.py\", line 1532, in add_q\n    clause, _ = self._add_q(q_object, self.used_aliases)\n  File \"C:\\Python310\\lib\\site-packages\\django\\db\\models\\sql\\query.py\", line 1562, in _add_q\n    child_clause, needed_inner = self.build_filter(\n  File \"C:\\Python310\\lib\\site-packages\\django\\db\\models\\sql\\query.py\", line 1407, in build_filter\n    lookups, parts, reffed_expression = self.solve_lookup_type(arg)\n  File \"C:\\Python310\\lib\\site-packages\\django\\db\\models\\sql\\query.py\", line 1217, in solve_lookup_type\n    _, field, _, lookup_parts = self.names_to_path(lookup_splitted, self.get_meta())\n  File \"C:\\Python310\\lib\\site-packages\\django\\db\\models\\sql\\query.py\", line 1709, in names_to_path\n    raise FieldError(\n"}}, {"model": "django_apscheduler.djangojobexecution", "pk": 6, "fields": {"job": "my_job", "status": "Error!", "run_time": "2023-03-14T21:36:37Z", "duration": "0.07", "finished": "1678829797.07", "exception": "Cannot resolve keyword 'date' into field. Choices are: author_news, author_news_id, category, comment, data_time_create, headline, id, position, postcategory, rating, text", "traceback": "  File \"C:\\Python310\\lib\\site-packages\\apscheduler\\executors\\base.py\", line 125, in run_job\n    retval = job.func(*job.args, **job.kwargs)\n  File \"C:\\Users\\shuny\\OneDrive\\╨рсюўшщ ёЄюы\\newpaperD7_7-main\\news\\management\\commands\\runapscheduler.py\", line 24, in my_job\n    post = Post.objects.filter(date__gte=last_week)\n  File \"C:\\Python310\\lib\\site-packages\\django\\db\\models\\manager.py\", line 85, in manager_method\n    return getattr(self.get_queryset(), name)(*args, **kwargs)\n  File \"C:\\Python310\\lib\\site-packages\\django\\db\\models\\query.py\", line 1420, in filter\n    return self._filter_or_exclude(False, args, kwargs)\n  File \"C:\\Python310\\lib\\site-packages\\django\\db\\models\\query.py\", line 1438, in _filter_or_exclude\n    clone._filter_or_exclude_inplace(negate, args, kwargs)\n  File \"C:\\Python310\\lib\\site-packages\\django\\db\\models\\query.py\", line 1445, in _filter_or_exclude_inplace\n    self._query.add_q(Q(*args, **kwargs))\n  File \"C:\\Python310\\lib\\site-packages\\django\\db\\models\\sql\\query.py\", line 1532, in add_q\n    clause, _ = self._add_q(q_object, self.used_aliases)\n  File \"C:\\Python310\\lib\\site-packages\\django\\db\\models\\sql\\query.py\", line 1562, in _add_q\n    child_clause, needed_inner = self.build_filter(\n  File \"C:\\Python310\\lib\\site-packages\\django\\db\\models\\sql\\query.py\", line 1407, in build_filter\n    lookups, parts, reffed_expression = self.solve_lookup_type(arg)\n  File \"C:\\Python310\\lib\\site-packages\\django\\db\\models\\sql\\query.py\", line 1217, in solve_lookup_type\n    _, field, _, lookup_parts = self.names_to_path(lookup_splitted, self.get_meta())\n  File \"C:\\Python310\\lib\\site-packages\\django\\db\\models\\sql\\query.py\", line 1709, in names_to_path\n    raise FieldError(\n"}}, {"model": "django_apscheduler.djangojobexecution", "pk": 7, "fields": {"job": "my_job", "status": "Error!", "run_time": "2023-03-14T21:36:38Z", "duration": "0.07", "finished": "1678829798.07", "exception": "Cannot resolve keyword 'date' into field. Choices are: author_news, author_news_id, category, comment, data_time_create, headline, id, position, postcategory, rating, text", "traceback": "  File \"C:\\Python310\\lib\\site-packages\\apscheduler\\executors\\base.py\", line 125, in run_job\n    retval = job.func(*job.args, **job.kwargs)\n  File \"C:\\Users\\shuny\\OneDrive\\╨рсюўшщ ёЄюы\\newpaperD7_7-main\\news\\management\\commands\\runapscheduler.py\", line 24, in my_job\n    post = Post.objects.filter(date__gte=last_week)\n  File \"C:\\Python310\\lib\\site-packages\\django\\db\\models\\manager.py\", line 85, in manager_method\n    return getattr(self.get_queryset(), name)(*args, **kwargs)\n  File \"C:\\Python310\\lib\\site-packages\\django\\db\\models\\query.py\", line 1420, in filter\n    return self._filter_or_exclude(False, args, kwargs)\n  File \"C:\\Python310\\lib\\site-packages\\django\\db\\models\\query.py\", line 1438, in _filter_or_exclude\n    clone._filter_or_exclude_inplace(negate, args, kwargs)\n  File \"C:\\Python310\\lib\\site-packages\\django\\db\\models\\query.py\", line 1445, in _filter_or_exclude_inplace\n    self._query.add_q(Q(*args, **kwargs))\n  File \"C:\\Python310\\lib\\site-packages\\django\\db\\models\\sql\\query.py\", line 1532, in add_q\n    clause, _ = self._add_q(q_object, self.used_aliases)\n  File \"C:\\Python310\\lib\\site-packages\\django\\db\\models\\sql\\query.py\", line 1562, in _add_q\n    child_clause, needed_inner = self.build_filter(\n  File \"C:\\Python310\\lib\\site-packages\\django\\db\\models\\sql\\query.py\", line 1407, in build_filter\n    lookups, parts, reffed_expression = self.solve_lookup_type(arg)\n  File \"C:\\Python310\\lib\\site-packages\\django\\db\\models\\sql\\query.py\", line 1217, in solve_lookup_type\n    _, field, _, lookup_parts = self.names_to_path(lookup_splitted, self.get_meta())\n  File \"C:\\Python310\\lib\\site-packages\\django\\db\\models\\sql\\query.py\", line 1709, in names_to_path\n    raise FieldError(\n"}}, {"model": "django_apscheduler.djangojobexecution", "pk": 8, "fields": {"job": "my_job", "status": "Error!", "run_time": "2023-03-14T21:36:39Z", "duration": "0.15", "finished": "1678829799.15", "exception": "Cannot resolve keyword 'date' into field. Choices are: author_news, author_news_id, category, comment, data_time_create, headline, id, position, postcategory, rating, text", "traceback": "  File \"C:\\Python310\\lib\\site-packages\\apscheduler\\executors\\base.py\", line 125, in run_job\n    retval = job.func(*job.args, **job.kwargs)\n  File \"C:\\Users\\shuny\\OneDrive\\╨рсюўшщ ёЄюы\\newpaperD7_7-main\\news\\management\\commands\\runapscheduler.py\", line 24, in my_job\n    post = Post.objects.filter(date__gte=last_week)\n  File \"C:\\Python310\\lib\\site-packages\\django\\db\\models\\manager.py\", line 85, in manager_method\n    return getattr(self.get_queryset(), name)(*args, **kwargs)\n  File \"C:\\Python310\\lib\\site-packages\\django\\db\\models\\query.py\", line 1420, in filter\n    return self._filter_or_exclude(False, args, kwargs)\n  File \"C:\\Python310\\lib\\site-packages\\django\\db\\models\\query.py\", line 1438, in _filter_or_exclude\n    clone._filter_or_exclude_inplace(negate, args, kwargs)\n  File \"C:\\Python310\\lib\\site-packages\\django\\db\\models\\query.py\", line 1445, in _filter_or_exclude_inplace\n    self._query.add_q(Q(*args, **kwargs))\n  File \"C:\\Python310\\lib\\site-packages\\django\\db\\models\\sql\\query.py\", line 1532, in add_q\n    clause, _ = self._add_q(q_object, self.used_aliases)\n  File \"C:\\Python310\\lib\\site-packages\\django\\db\\models\\sql\\query.py\", line 1562, in _add_q\n    child_clause, needed_inner = self.build_filter(\n  File \"C:\\Python310\\lib\\site-packages\\django\\db\\models\\sql\\query.py\", line 1407, in build_filter\n    lookups, parts, reffed_expression = self.solve_lookup_type(arg)\n  File \"C:\\Python310\\lib\\site-packages\\django\\db\\models\\sql\\query.py\", line 1217, in solve_lookup_type\n    _, field, _, lookup_parts = self.names_to_path(lookup_splitted, self.get_meta())\n  File \"C:\\Python310\\lib\\site-packages\\django\\db\\models\\sql\\query.py\", line 1709, in names_to_path\n    raise FieldError(\n"}}, {"model": "django_apscheduler.djangojobexecution", "pk": 9, "fields": {"job": "my_job", "status": "Error!", "run_time": "2023-03-14T21:36:40Z", "duration": "0.08", "finished": "1678829800.08", "exception": "Cannot resolve keyword 'date' into field. Choices are: author_news, author_news_id, category, comment, data_time_create, headline, id, position, postcategory, rating, text", "traceback": "  File \"C:\\Python310\\lib\\site-packages\\apscheduler\\executors\\base.py\", line 125, in run_job\n    retval = job.func(*job.args, **job.kwargs)\n  File \"C:\\Users\\shuny\\OneDrive\\╨рсюўшщ ёЄюы\\newpaperD7_7-main\\news\\management\\commands\\runapscheduler.py\", line 24, in my_job\n    post = Post.objects.filter(date__gte=last_week)\n  File \"C:\\Python310\\lib\\site-packages\\django\\db\\models\\manager.py\", line 85, in manager_method\n    return getattr(self.get_queryset(), name)(*args, **kwargs)\n  File \"C:\\Python310\\lib\\site-packages\\django\\db\\models\\query.py\", line 1420, in filter\n    return self._filter_or_exclude(False, args, kwargs)\n  File \"C:\\Python310\\lib\\site-packages\\django\\db\\models\\query.py\", line 1438, in _filter_or_exclude\n    clone._filter_or_exclude_inplace(negate, args, kwargs)\n  File \"C:\\Python310\\lib\\site-packages\\django\\db\\models\\query.py\", line 1445, in _filter_or_exclude_inplace\n    self._query.add_q(Q(*args, **kwargs))\n  File \"C:\\Python310\\lib\\site-packages\\django\\db\\models\\sql\\query.py\", line 1532, in add_q\n    clause, _ = self._add_q(q_object, self.used_aliases)\n  File \"C:\\Python310\\lib\\site-packages\\django\\db\\models\\sql\\query.py\", line 1562, in _add_q\n    child_clause, needed_inner = self.build_filter(\n  File \"C:\\Python310\\lib\\site-packages\\django\\db\\models\\sql\\query.py\", line 1407, in build_filter\n    lookups, parts, reffed_expression = self.solve_lookup_type(arg)\n  File \"C:\\Python310\\lib\\site-packages\\django\\db\\models\\sql\\query.py\", line 1217, in solve_lookup_type\n    _, field, _, lookup_parts = self.names_to_path(lookup_splitted, self.get_meta())\n  File \"C:\\Python310\\lib\\site-packages\\django\\db\\models\\sql\\query.py\", line 1709, in names_to_path\n    raise FieldError(\n"}}, {"model": "django_apscheduler.djangojobexecution", "pk": 10, "fields": {"job": "my_job", "status": "Error!", "run_time": "2023-03-14T21:36:41Z", "duration": "0.08", "finished": "1678829801.08", "exception": "Cannot resolve keyword 'date' into field. Choices are: author_news, author_news_id, category, comment, data_time_create, headline, id, position, postcategory, rating, text", "traceback": "  File \"C:\\Python310\\lib\\site-packages\\apscheduler\\executors\\base.py\", line 125, in run_job\n    retval = job.func(*job.args, **job.kwargs)\n  File \"C:\\Users\\shuny\\OneDrive\\╨рсюўшщ ёЄюы\\newpaperD7_7-main\\news\\management\\commands\\runapscheduler.py\", line 24, in my_job\n    post = Post.objects.filter(date__gte=last_week)\n  File \"C:\\Python310\\lib\\site-packages\\django\\db\\models\\manager.py\", line 85, in manager_method\n    return getattr(self.get_queryset(), name)(*args, **kwargs)\n  File \"C:\\Python310\\lib\\site-packages\\django\\db\\models\\query.py\", line 1420, in filter\n    return self._filter_or_exclude(False, args, kwargs)\n  File \"C:\\Python310\\lib\\site-packages\\django\\db\\models\\query.py\", line 1438, in _filter_or_exclude\n    clone._filter_or_exclude_inplace(negate, args, kwargs)\n  File \"C:\\Python310\\lib\\site-packages\\django\\db\\models\\query.py\", line 1445, in _filter_or_exclude_inplace\n    self._query.add_q(Q(*args, **kwargs))\n  File \"C:\\Python310\\lib\\site-packages\\django\\db\\models\\sql\\query.py\", line 1532, in add_q\n    clause, _ = self._add_q(q_object, self.used_aliases)\n  File \"C:\\Python310\\lib\\site-packages\\django\\db\\models\\sql\\query.py\", line 1562, in _add_q\n    child_clause, needed_inner = self.build_filter(\n  File \"C:\\Python310\\lib\\site-packages\\django\\db\\models\\sql\\query.py\", line 1407, in build_filter\n    lookups, parts, reffed_expression = self.solve_lookup_type(arg)\n  File \"C:\\Python310\\lib\\site-packages\\django\\db\\models\\sql\\query.py\", line 1217, in solve_lookup_type\n    _, field, _, lookup_parts = self.names_to_path(lookup_splitted, self.get_meta())\n  File \"C:\\Python310\\lib\\site-packages\\django\\db\\models\\sql\\query.py\", line 1709, in names_to_path\n    raise FieldError(\n"}}, {"model": "django_apscheduler.djangojobexecution", "pk": 11, "fields": {"job": "my_job", "status": "Error!", "run_time": "2023-03-14T21:36:42Z", "duration": "0.07", "finished": "1678829802.07", "exception": "Cannot resolve keyword 'date' into field. Choices are: author_news, author_news_id, category, comment, data_time_create, headline, id, position, postcategory, rating, text", "traceback": "  File \"C:\\Python310\\lib\\site-packages\\apscheduler\\executors\\base.py\", line 125, in run_job\n    retval = job.func(*job.args, **job.kwargs)\n  File \"C:\\Users\\shuny\\OneDrive\\╨рсюўшщ ёЄюы\\newpaperD7_7-main\\news\\management\\commands\\runapscheduler.py\", line 24, in my_job\n    post = Post.objects.filter(date__gte=last_week)\n  File \"C:\\Python310\\lib\\site-packages\\django\\db\\models\\manager.py\", line 85, in manager_method\n    return getattr(self.get_queryset(), name)(*args, **kwargs)\n  File \"C:\\Python310\\lib\\site-packages\\django\\db\\models\\query.py\", line 1420, in filter\n    return self._filter_or_exclude(False, args, kwargs)\n  File \"C:\\Python310\\lib\\site-packages\\django\\db\\models\\query.py\", line 1438, in _filter_or_exclude\n    clone._filter_or_exclude_inplace(negate, args, kwargs)\n  File \"C:\\Python310\\lib\\site-packages\\django\\db\\models\\query.py\", line 1445, in _filter_or_exclude_inplace\n    self._query.add_q(Q(*args, **kwargs))\n  File \"C:\\Python310\\lib\\site-packages\\django\\db\\models\\sql\\query.py\", line 1532, in add_q\n    clause, _ = self._add_q(q_object, self.used_aliases)\n  File \"C:\\Python310\\lib\\site-packages\\django\\db\\models\\sql\\query.py\", line 1562, in _add_q\n    child_clause, needed_inner = self.build_filter(\n  File \"C:\\Python310\\lib\\site-packages\\django\\db\\models\\sql\\query.py\", line 1407, in build_filter\n    lookups, parts, reffed_expression = self.solve_lookup_type(arg)\n  File \"C:\\Python310\\lib\\site-packages\\django\\db\\models\\sql\\query.py\", line 1217, in solve_lookup_type\n    _, field, _, lookup_parts = self.names_to_path(lookup_splitted, self.get_meta())\n  File \"C:\\Python310\\lib\\site-packages\\django\\db\\models\\sql\\query.py\", line 1709, in names_to_path\n    raise FieldError(\n"}}, {"model": "django_apscheduler.djangojobexecution", "pk": 12, "fields": {"job": "my_job", "status": "Error!", "run_time": "2023-03-14T21:36:43Z", "duration": "0.15", "finished": "1678829803.15", "exception": "Cannot resolve keyword 'date' into field. Choices are: author_news, author_news_id, category, comment, data_time_create, headline, id, position, postcategory, rating, text", "traceback": "  File \"C:\\Python310\\lib\\site-packages\\apscheduler\\executors\\base.py\", line 125, in run_job\n    retval = job.func(*job.args, **job.kwargs)\n  File \"C:\\Users\\shuny\\OneDrive\\╨рсюўшщ ёЄюы\\newpaperD7_7-main\\news\\management\\commands\\runapscheduler.py\", line 24, in my_job\n    post = Post.objects.filter(date__gte=last_week)\n  File \"C:\\Python310\\lib\\site-packages\\django\\db\\models\\manager.py\", line 85, in manager_method\n    return getattr(self.get_queryset(), name)(*args, **kwargs)\n  File \"C:\\Python310\\lib\\site-packages\\django\\db\\models\\query.py\", line 1420, in filter\n    return self._filter_or_exclude(False, args, kwargs)\n  File \"C:\\Python310\\lib\\site-packages\\django\\db\\models\\query.py\", line 1438, in _filter_or_exclude\n    clone._filter_or_exclude_inplace(negate, args, kwargs)\n  File \"C:\\Python310\\lib\\site-packages\\django\\db\\models\\query.py\", line 1445, in _filter_or_exclude_inplace\n    self._query.add_q(Q(*args, **kwargs))\n  File \"C:\\Python310\\lib\\site-packages\\django\\db\\models\\sql\\query.py\", line 1532, in add_q\n    clause, _ = self._add_q(q_object, self.used_aliases)\n  File \"C:\\Python310\\lib\\site-packages\\django\\db\\models\\sql\\query.py\", line 1562, in _add_q\n    child_clause, needed_inner = self.build_filter(\n  File \"C:\\Python310\\lib\\site-packages\\django\\db\\models\\sql\\query.py\", line 1407, in build_filter\n    lookups, parts, reffed_expression = self.solve_lookup_type(arg)\n  File \"C:\\Python310\\lib\\site-packages\\django\\db\\models\\sql\\query.py\", line 1217, in solve_lookup_type\n    _, field, _, lookup_parts = self.names_to_path(lookup_splitted, self.get_meta())\n  File \"C:\\Python310\\lib\\site-packages\\django\\db\\models\\sql\\query.py\", line 1709, in names_to_path\n    raise FieldError(\n"}}, {"model": "django_apscheduler.djangojobexecution", "pk": 13, "fields": {"job": "my_job", "status": "Error!", "run_time": "2023-03-14T21:39:25Z", "duration": "0.50", "finished": "1678829965.50", "exception": "Unclosed tag on line 10: 'for'. Looking for one of: empty, endfor.", "traceback": "  File \"C:\\Python310\\lib\\site-packages\\apscheduler\\executors\\base.py\", line 125, in run_job\n    retval = job.func(*job.args, **job.kwargs)\n  File \"C:\\Users\\shuny\\OneDrive\\╨рсюўшщ ёЄюы\\newpaperD7_7-main\\news\\management\\commands\\runapscheduler.py\", line 27, in my_job\n    html_content = render_to_string(\n  File \"C:\\Python310\\lib\\site-packages\\django\\template\\loader.py\", line 61, in render_to_string\n    template = get_template(template_name, using=using)\n  File \"C:\\Python310\\lib\\site-packages\\django\\template\\loader.py\", line 15, in get_template\n    return engine.get_template(template_name)\n  File \"C:\\Python310\\lib\\site-packages\\django\\template\\backends\\django.py\", line 34, in get_template\n    return Template(self.engine.get_template(template_name), self)\n  File \"C:\\Python310\\lib\\site-packages\\django\\template\\engine.py\", line 175, in get_template\n    template, origin = self.find_template(template_name)\n  File \"C:\\Python310\\lib\\site-packages\\django\\template\\engine.py\", line 157, in find_template\n    template = loader.get_template(name, skip=skip)\n  File \"C:\\Python310\\lib\\site-packages\\django\\template\\loaders\\cached.py\", line 57, in get_template\n    template = super().get_template(template_name, skip)\n  File \"C:\\Python310\\lib\\site-packages\\django\\template\\loaders\\base.py\", line 28, in get_template\n    return Template(\n  File \"C:\\Python310\\lib\\site-packages\\django\\template\\base.py\", line 154, in __init__\n    self.nodelist = self.compile_nodelist()\n  File \"C:\\Python310\\lib\\site-packages\\django\\template\\base.py\", line 200, in compile_nodelist\n    return parser.parse()\n  File \"C:\\Python310\\lib\\site-packages\\django\\template\\base.py\", line 513, in parse\n    raise self.error(token, e)\n  File \"C:\\Python310\\lib\\site-packages\\django\\template\\base.py\", line 511, in parse\n    compiled_result = compile_func(self, token)\n  File \"C:\\Python310\\lib\\site-packages\\django\\template\\defaulttags.py\", line 854, in do_for\n    nodelist_loop = parser.parse(\n  File \"C:\\Python310\\lib\\site-packages\\django\\template\\base.py\", line 518, in parse\n    self.unclosed_block_tag(parse_until)\n  File \"C:\\Python310\\lib\\site-packages\\django\\template\\base.py\", line 581, in unclosed_block_tag\n    raise self.error(token, msg)\n"}}, {"model": "django_apscheduler.djangojobexecution", "pk": 14, "fields": {"job": "my_job", "status": "Error!", "run_time": "2023-03-14T21:39:26Z", "duration": "0.12", "finished": "1678829966.12", "exception": "Unclosed tag on line 10: 'for'. Looking for one of: empty, endfor.", "traceback": "  File \"C:\\Python310\\lib\\site-packages\\apscheduler\\executors\\base.py\", line 125, in run_job\n    retval = job.func(*job.args, **job.kwargs)\n  File \"C:\\Users\\shuny\\OneDrive\\╨рсюўшщ ёЄюы\\newpaperD7_7-main\\news\\management\\commands\\runapscheduler.py\", line 27, in my_job\n    html_content = render_to_string(\n  File \"C:\\Python310\\lib\\site-packages\\django\\template\\loader.py\", line 61, in render_to_string\n    template = get_template(template_name, using=using)\n  File \"C:\\Python310\\lib\\site-packages\\django\\template\\loader.py\", line 15, in get_template\n    return engine.get_template(template_name)\n  File \"C:\\Python310\\lib\\site-packages\\django\\template\\backends\\django.py\", line 34, in get_template\n    return Template(self.engine.get_template(template_name), self)\n  File \"C:\\Python310\\lib\\site-packages\\django\\template\\engine.py\", line 175, in get_template\n    template, origin = self.find_template(template_name)\n  File \"C:\\Python310\\lib\\site-packages\\django\\template\\engine.py\", line 157, in find_template\n    template = loader.get_template(name, skip=skip)\n  File \"C:\\Python310\\lib\\site-packages\\django\\template\\loaders\\cached.py\", line 57, in get_template\n    template = super().get_template(template_name, skip)\n  File \"C:\\Python310\\lib\\site-packages\\django\\template\\loaders\\base.py\", line 28, in get_template\n    return Template(\n  File \"C:\\Python310\\lib\\site-packages\\django\\template\\base.py\", line 154, in __init__\n    self.nodelist = self.compile_nodelist()\n  File \"C:\\Python310\\lib\\site-packages\\django\\template\\base.py\", line 200, in compile_nodelist\n    return parser.parse()\n  File \"C:\\Python310\\lib\\site-packages\\django\\template\\base.py\", line 513, in parse\n    raise self.error(token, e)\n  File \"C:\\Python310\\lib\\site-packages\\django\\template\\base.py\", line 511, in parse\n    compiled_result = compile_func(self, token)\n  File \"C:\\Python310\\lib\\site-packages\\django\\template\\defaulttags.py\", line 854, in do_for\n    nodelist_loop = parser.parse(\n  File \"C:\\Python310\\lib\\site-packages\\django\\template\\base.py\", line 518, in parse\n    self.unclosed_block_tag(parse_until)\n  File \"C:\\Python310\\lib\\site-packages\\django\\template\\base.py\", line 581, in unclosed_block_tag\n    raise self.error(token, msg)\n"}}, {"model": "django_apscheduler.djangojobexecution", "pk": 15, "fields": {"job": "my_job", "status": "Error!", "run_time": "2023-03-14T21:39:27Z", "duration": "0.07", "finished": "1678829967.07", "exception": "Unclosed tag on line 10: 'for'. Looking for one of: empty, endfor.", "traceback": "  File \"C:\\Python310\\lib\\site-packages\\apscheduler\\executors\\base.py\", line 125, in run_job\n    retval = job.func(*job.args, **job.kwargs)\n  File \"C:\\Users\\shuny\\OneDrive\\╨рсюўшщ ёЄюы\\newpaperD7_7-main\\news\\management\\commands\\runapscheduler.py\", line 27, in my_job\n    html_content = render_to_string(\n  File \"C:\\Python310\\lib\\site-packages\\django\\template\\loader.py\", line 61, in render_to_string\n    template = get_template(template_name, using=using)\n  File \"C:\\Python310\\lib\\site-packages\\django\\template\\loader.py\", line 15, in get_template\n    return engine.get_template(template_name)\n  File \"C:\\Python310\\lib\\site-packages\\django\\template\\backends\\django.py\", line 34, in get_template\n    return Template(self.engine.get_template(template_name), self)\n  File \"C:\\Python310\\lib\\site-packages\\django\\template\\engine.py\", line 175, in get_template\n    template, origin = self.find_template(template_name)\n  File \"C:\\Python310\\lib\\site-packages\\django\\template\\engine.py\", line 157, in find_template\n    template = loader.get_template(name, skip=skip)\n  File \"C:\\Python310\\lib\\site-packages\\django\\template\\loaders\\cached.py\", line 57, in get_template\n    template = super().get_template(template_name, skip)\n  File \"C:\\Python310\\lib\\site-packages\\django\\template\\loaders\\base.py\", line 28, in get_template\n    return Template(\n  File \"C:\\Python310\\lib\\site-packages\\django\\template\\base.py\", line 154, in __init__\n    self.nodelist = self.compile_nodelist()\n  File \"C:\\Python310\\lib\\site-packages\\django\\template\\base.py\", line 200, in compile_nodelist\n    return parser.parse()\n  File \"C:\\Python310\\lib\\site-packages\\django\\template\\base.py\", line 513, in parse\n    raise self.error(token, e)\n  File \"C:\\Python310\\lib\\site-packages\\django\\template\\base.py\", line 511, in parse\n    compiled_result = compile_func(self, token)\n  File \"C:\\Python310\\lib\\site-packages\\django\\template\\defaulttags.py\", line 854, in do_for\n    nodelist_loop = parser.parse(\n  File \"C:\\Python310\\lib\\site-packages\\django\\template\\base.py\", line 518, in parse\n    self.unclosed_block_tag(parse_until)\n  File \"C:\\Python310\\lib\\site-packages\\django\\template\\base.py\", line 581, in unclosed_block_tag\n    raise self.error(token, msg)\n"}}, {"model": "django_apscheduler.djangojobexecution", "pk": 16, "fields": {"job": "my_job", "status": "Error!", "run_time": "2023-03-14T21:44:27Z", "duration": "0.25", "finished": "1678830267.25", "exception": "Unclosed tag on line 10: 'for'. Looking for one of: empty, endfor.", "traceback": "  File \"C:\\Python310\\lib\\site-packages\\apscheduler\\executors\\base.py\", line 125, in run_job\n    retval = job.func(*job.args, **job.kwargs)\n  File \"C:\\Users\\shuny\\OneDrive\\╨рсюўшщ ёЄюы\\newpaperD7_7-main\\news\\management\\commands\\runapscheduler.py\", line 27, in my_job\n    html_content = render_to_string(\n  File \"C:\\Python310\\lib\\site-packages\\django\\template\\loader.py\", line 61, in render_to_string\n    template = get_template(template_name, using=using)\n  File \"C:\\Python310\\lib\\site-packages\\django\\template\\loader.py\", line 15, in get_template\n    return engine.get_template(template_name)\n  File \"C:\\Python310\\lib\\site-packages\\django\\template\\backends\\django.py\", line 34, in get_template\n    return Template(self.engine.get_template(template_name), self)\n  File \"C:\\Python310\\lib\\site-packages\\django\\template\\engine.py\", line 175, in get_template\n    template, origin = self.find_template(template_name)\n  File \"C:\\Python310\\lib\\site-packages\\django\\template\\engine.py\", line 157, in find_template\n    template = loader.get_template(name, skip=skip)\n  File \"C:\\Python310\\lib\\site-packages\\django\\template\\loaders\\cached.py\", line 57, in get_template\n    template = super().get_template(template_name, skip)\n  File \"C:\\Python310\\lib\\site-packages\\django\\template\\loaders\\base.py\", line 28, in get_template\n    return Template(\n  File \"C:\\Python310\\lib\\site-packages\\django\\template\\base.py\", line 154, in __init__\n    self.nodelist = self.compile_nodelist()\n  File \"C:\\Python310\\lib\\site-packages\\django\\template\\base.py\", line 200, in compile_nodelist\n    return parser.parse()\n  File \"C:\\Python310\\lib\\site-packages\\django\\template\\base.py\", line 513, in parse\n    raise self.error(token, e)\n  File \"C:\\Python310\\lib\\site-packages\\django\\template\\base.py\", line 511, in parse\n    compiled_result = compile_func(self, token)\n  File \"C:\\Python310\\lib\\site-packages\\django\\template\\defaulttags.py\", line 854, in do_for\n    nodelist_loop = parser.parse(\n  File \"C:\\Python310\\lib\\site-packages\\django\\template\\base.py\", line 518, in parse\n    self.unclosed_block_tag(parse_until)\n  File \"C:\\Python310\\lib\\site-packages\\django\\template\\base.py\", line 581, in unclosed_block_tag\n    raise self.error(token, msg)\n"}}, {"model": "django_apscheduler.djangojobexecution", "pk": 17, "fields": {"job": "my_job", "status": "Error!", "run_time": "2023-03-14T21:44:28Z", "duration": "0.06", "finished": "1678830268.06", "exception": "Unclosed tag on line 10: 'for'. Looking for one of: empty, endfor.", "traceback": "  File \"C:\\Python310\\lib\\site-packages\\apscheduler\\executors\\base.py\", line 125, in run_job\n    retval = job.func(*job.args, **job.kwargs)\n  File \"C:\\Users\\shuny\\OneDrive\\╨рсюўшщ ёЄюы\\newpaperD7_7-main\\news\\management\\commands\\runapscheduler.py\", line 27, in my_job\n    html_content = render_to_string(\n  File \"C:\\Python310\\lib\\site-packages\\django\\template\\loader.py\", line 61, in render_to_string\n    template = get_template(template_name, using=using)\n  File \"C:\\Python310\\lib\\site-packages\\django\\template\\loader.py\", line 15, in get_template\n    return engine.get_template(template_name)\n  File \"C:\\Python310\\lib\\site-packages\\django\\template\\backends\\django.py\", line 34, in get_template\n    return Template(self.engine.get_template(template_name), self)\n  File \"C:\\Python310\\lib\\site-packages\\django\\template\\engine.py\", line 175, in get_template\n    template, origin = self.find_template(template_name)\n  File \"C:\\Python310\\lib\\site-packages\\django\\template\\engine.py\", line 157, in find_template\n    template = loader.get_template(name, skip=skip)\n  File \"C:\\Python310\\lib\\site-packages\\django\\template\\loaders\\cached.py\", line 57, in get_template\n    template = super().get_template(template_name, skip)\n  File \"C:\\Python310\\lib\\site-packages\\django\\template\\loaders\\base.py\", line 28, in get_template\n    return Template(\n  File \"C:\\Python310\\lib\\site-packages\\django\\template\\base.py\", line 154, in __init__\n    self.nodelist = self.compile_nodelist()\n  File \"C:\\Python310\\lib\\site-packages\\django\\template\\base.py\", line 200, in compile_nodelist\n    return parser.parse()\n  File \"C:\\Python310\\lib\\site-packages\\django\\template\\base.py\", line 513, in parse\n    raise self.error(token, e)\n  File \"C:\\Python310\\lib\\site-packages\\django\\template\\base.py\", line 511, in parse\n    compiled_result = compile_func(self, token)\n  File \"C:\\Python310\\lib\\site-packages\\django\\template\\defaulttags.py\", line 854, in do_for\n    nodelist_loop = parser.parse(\n  File \"C:\\Python310\\lib\\site-packages\\django\\template\\base.py\", line 518, in parse\n    self.unclosed_block_tag(parse_until)\n  File \"C:\\Python310\\lib\\site-packages\\django\\template\\base.py\", line 581, in unclosed_block_tag\n    raise self.error(token, msg)\n"}}, {"model": "django_apscheduler.djangojobexecution", "pk": 18, "fields": {"job": "my_job", "status": "Error!", "run_time": "2023-03-14T21:44:29Z", "duration": "0.12", "finished": "1678830269.12", "exception": "Unclosed tag on line 10: 'for'. Looking for one of: empty, endfor.", "traceback": "  File \"C:\\Python310\\lib\\site-packages\\apscheduler\\executors\\base.py\", line 125, in run_job\n    retval = job.func(*job.args, **job.kwargs)\n  File \"C:\\Users\\shuny\\OneDrive\\╨рсюўшщ ёЄюы\\newpaperD7_7-main\\news\\management\\commands\\runapscheduler.py\", line 27, in my_job\n    html_content = render_to_string(\n  File \"C:\\Python310\\lib\\site-packages\\django\\template\\loader.py\", line 61, in render_to_string\n    template = get_template(template_name, using=using)\n  File \"C:\\Python310\\lib\\site-packages\\django\\template\\loader.py\", line 15, in get_template\n    return engine.get_template(template_name)\n  File \"C:\\Python310\\lib\\site-packages\\django\\template\\backends\\django.py\", line 34, in get_template\n    return Template(self.engine.get_template(template_name), self)\n  File \"C:\\Python310\\lib\\site-packages\\django\\template\\engine.py\", line 175, in get_template\n    template, origin = self.find_template(template_name)\n  File \"C:\\Python310\\lib\\site-packages\\django\\template\\engine.py\", line 157, in find_template\n    template = loader.get_template(name, skip=skip)\n  File \"C:\\Python310\\lib\\site-packages\\django\\template\\loaders\\cached.py\", line 57, in get_template\n    template = super().get_template(template_name, skip)\n  File \"C:\\Python310\\lib\\site-packages\\django\\template\\loaders\\base.py\", line 28, in get_template\n    return Template(\n  File \"C:\\Python310\\lib\\site-packages\\django\\template\\base.py\", line 154, in __init__\n    self.nodelist = self.compile_nodelist()\n  File \"C:\\Python310\\lib\\site-packages\\django\\template\\base.py\", line 200, in compile_nodelist\n    return parser.parse()\n  File \"C:\\Python310\\lib\\site-packages\\django\\template\\base.py\", line 513, in parse\n    raise self.error(token, e)\n  File \"C:\\Python310\\lib\\site-packages\\django\\template\\base.py\", line 511, in parse\n    compiled_result = compile_func(self, token)\n  File \"C:\\Python310\\lib\\site-packages\\django\\template\\defaulttags.py\", line 854, in do_for\n    nodelist_loop = parser.parse(\n  File \"C:\\Python310\\lib\\site-packages\\django\\template\\base.py\", line 518, in parse\n    self.unclosed_block_tag(parse_until)\n  File \"C:\\Python310\\lib\\site-packages\\django\\template\\base.py\", line 581, in unclosed_block_tag\n    raise self.error(token, msg)\n"}}, {"model": "django_apscheduler.djangojobexecution", "pk": 19, "fields": {"job": "my_job", "status": "Error!", "run_time": "2023-03-14T21:44:30Z", "duration": "0.07", "finished": "1678830270.07", "exception": "Unclosed tag on line 10: 'for'. Looking for one of: empty, endfor.", "traceback": "  File \"C:\\Python310\\lib\\site-packages\\apscheduler\\executors\\base.py\", line 125, in run_job\n    retval = job.func(*job.args, **job.kwargs)\n  File \"C:\\Users\\shuny\\OneDrive\\╨рсюўшщ ёЄюы\\newpaperD7_7-main\\news\\management\\commands\\runapscheduler.py\", line 27, in my_job\n    html_content = render_to_string(\n  File \"C:\\Python310\\lib\\site-packages\\django\\template\\loader.py\", line 61, in render_to_string\n    template = get_template(template_name, using=using)\n  File \"C:\\Python310\\lib\\site-packages\\django\\template\\loader.py\", line 15, in get_template\n    return engine.get_template(template_name)\n  File \"C:\\Python310\\lib\\site-packages\\django\\template\\backends\\django.py\", line 34, in get_template\n    return Template(self.engine.get_template(template_name), self)\n  File \"C:\\Python310\\lib\\site-packages\\django\\template\\engine.py\", line 175, in get_template\n    template, origin = self.find_template(template_name)\n  File \"C:\\Python310\\lib\\site-packages\\django\\template\\engine.py\", line 157, in find_template\n    template = loader.get_template(name, skip=skip)\n  File \"C:\\Python310\\lib\\site-packages\\django\\template\\loaders\\cached.py\", line 57, in get_template\n    template = super().get_template(template_name, skip)\n  File \"C:\\Python310\\lib\\site-packages\\django\\template\\loaders\\base.py\", line 28, in get_template\n    return Template(\n  File \"C:\\Python310\\lib\\site-packages\\django\\template\\base.py\", line 154, in __init__\n    self.nodelist = self.compile_nodelist()\n  File \"C:\\Python310\\lib\\site-packages\\django\\template\\base.py\", line 200, in compile_nodelist\n    return parser.parse()\n  File \"C:\\Python310\\lib\\site-packages\\django\\template\\base.py\", line 513, in parse\n    raise self.error(token, e)\n  File \"C:\\Python310\\lib\\site-packages\\django\\template\\base.py\", line 511, in parse\n    compiled_result = compile_func(self, token)\n  File \"C:\\Python310\\lib\\site-packages\\django\\template\\defaulttags.py\", line 854, in do_for\n    nodelist_loop = parser.parse(\n  File \"C:\\Python310\\lib\\site-packages\\django\\template\\base.py\", line 518, in parse\n    self.unclosed_block_tag(parse_until)\n  File \"C:\\Python310\\lib\\site-packages\\django\\template\\base.py\", line 581, in unclosed_block_tag\n    raise self.error(token, msg)\n"}}, {"model": "django_apscheduler.djangojobexecution", "pk": 20, "fields": {"job": "my_job", "status": "Error!", "run_time": "2023-03-14T21:44:31Z", "duration": "0.08", "finished": "1678830271.08", "exception": "Unclosed tag on line 10: 'for'. Looking for one of: empty, endfor.", "traceback": "  File \"C:\\Python310\\lib\\site-packages\\apscheduler\\executors\\base.py\", line 125, in run_job\n    retval = job.func(*job.args, **job.kwargs)\n  File \"C:\\Users\\shuny\\OneDrive\\╨рсюўшщ ёЄюы\\newpaperD7_7-main\\news\\management\\commands\\runapscheduler.py\", line 27, in my_job\n    html_content = render_to_string(\n  File \"C:\\Python310\\lib\\site-packages\\django\\template\\loader.py\", line 61, in render_to_string\n    template = get_template(template_name, using=using)\n  File \"C:\\Python310\\lib\\site-packages\\django\\template\\loader.py\", line 15, in get_template\n    return engine.get_template(template_name)\n  File \"C:\\Python310\\lib\\site-packages\\django\\template\\backends\\django.py\", line 34, in get_template\n    return Template(self.engine.get_template(template_name), self)\n  File \"C:\\Python310\\lib\\site-packages\\django\\template\\engine.py\", line 175, in get_template\n    template, origin = self.find_template(template_name)\n  File \"C:\\Python310\\lib\\site-packages\\django\\template\\engine.py\", line 157, in find_template\n    template = loader.get_template(name, skip=skip)\n  File \"C:\\Python310\\lib\\site-packages\\django\\template\\loaders\\cached.py\", line 57, in get_template\n    template = super().get_template(template_name, skip)\n  File \"C:\\Python310\\lib\\site-packages\\django\\template\\loaders\\base.py\", line 28, in get_template\n    return Template(\n  File \"C:\\Python310\\lib\\site-packages\\django\\template\\base.py\", line 154, in __init__\n    self.nodelist = self.compile_nodelist()\n  File \"C:\\Python310\\lib\\site-packages\\django\\template\\base.py\", line 200, in compile_nodelist\n    return parser.parse()\n  File \"C:\\Python310\\lib\\site-packages\\django\\template\\base.py\", line 513, in parse\n    raise self.error(token, e)\n  File \"C:\\Python310\\lib\\site-packages\\django\\template\\base.py\", line 511, in parse\n    compiled_result = compile_func(self, token)\n  File \"C:\\Python310\\lib\\site-packages\\django\\template\\defaulttags.py\", line 854, in do_for\n    nodelist_loop = parser.parse(\n  File \"C:\\Python310\\lib\\site-packages\\django\\template\\base.py\", line 518, in parse\n    self.unclosed_block_tag(parse_until)\n  File \"C:\\Python310\\lib\\site-packages\\django\\template\\base.py\", line 581, in unclosed_block_tag\n    raise self.error(token, msg)\n"}}, {"model": "django_apscheduler.djangojobexecution", "pk": 21, "fields": {"job": "my_job", "status": "Error!", "run_time": "2023-03-14T21:44:32Z", "duration": "0.13", "finished": "1678830272.13", "exception": "Unclosed tag on line 10: 'for'. Looking for one of: empty, endfor.", "traceback": "  File \"C:\\Python310\\lib\\site-packages\\apscheduler\\executors\\base.py\", line 125, in run_job\n    retval = job.func(*job.args, **job.kwargs)\n  File \"C:\\Users\\shuny\\OneDrive\\╨рсюўшщ ёЄюы\\newpaperD7_7-main\\news\\management\\commands\\runapscheduler.py\", line 27, in my_job\n    html_content = render_to_string(\n  File \"C:\\Python310\\lib\\site-packages\\django\\template\\loader.py\", line 61, in render_to_string\n    template = get_template(template_name, using=using)\n  File \"C:\\Python310\\lib\\site-packages\\django\\template\\loader.py\", line 15, in get_template\n    return engine.get_template(template_name)\n  File \"C:\\Python310\\lib\\site-packages\\django\\template\\backends\\django.py\", line 34, in get_template\n    return Template(self.engine.get_template(template_name), self)\n  File \"C:\\Python310\\lib\\site-packages\\django\\template\\engine.py\", line 175, in get_template\n    template, origin = self.find_template(template_name)\n  File \"C:\\Python310\\lib\\site-packages\\django\\template\\engine.py\", line 157, in find_template\n    template = loader.get_template(name, skip=skip)\n  File \"C:\\Python310\\lib\\site-packages\\django\\template\\loaders\\cached.py\", line 57, in get_template\n    template = super().get_template(template_name, skip)\n  File \"C:\\Python310\\lib\\site-packages\\django\\template\\loaders\\base.py\", line 28, in get_template\n    return Template(\n  File \"C:\\Python310\\lib\\site-packages\\django\\template\\base.py\", line 154, in __init__\n    self.nodelist = self.compile_nodelist()\n  File \"C:\\Python310\\lib\\site-packages\\django\\template\\base.py\", line 200, in compile_nodelist\n    return parser.parse()\n  File \"C:\\Python310\\lib\\site-packages\\django\\template\\base.py\", line 513, in parse\n    raise self.error(token, e)\n  File \"C:\\Python310\\lib\\site-packages\\django\\template\\base.py\", line 511, in parse\n    compiled_result = compile_func(self, token)\n  File \"C:\\Python310\\lib\\site-packages\\django\\template\\defaulttags.py\", line 854, in do_for\n    nodelist_loop = parser.parse(\n  File \"C:\\Python310\\lib\\site-packages\\django\\template\\base.py\", line 518, in parse\n    self.unclosed_block_tag(parse_until)\n  File \"C:\\Python310\\lib\\site-packages\\django\\template\\base.py\", line 581, in unclosed_block_tag\n    raise self.error(token, msg)\n"}}, {"model": "django_apscheduler.djangojobexecution", "pk": 22, "fields": {"job": "my_job", "status": "Error!", "run_time": "2023-03-14T21:44:33Z", "duration": "0.13", "finished": "1678830273.13", "exception": "Unclosed tag on line 10: 'for'. Looking for one of: empty, endfor.", "traceback": "  File \"C:\\Python310\\lib\\site-packages\\apscheduler\\executors\\base.py\", line 125, in run_job\n    retval = job.func(*job.args, **job.kwargs)\n  File \"C:\\Users\\shuny\\OneDrive\\╨рсюўшщ ёЄюы\\newpaperD7_7-main\\news\\management\\commands\\runapscheduler.py\", line 27, in my_job\n    html_content = render_to_string(\n  File \"C:\\Python310\\lib\\site-packages\\django\\template\\loader.py\", line 61, in render_to_string\n    template = get_template(template_name, using=using)\n  File \"C:\\Python310\\lib\\site-packages\\django\\template\\loader.py\", line 15, in get_template\n    return engine.get_template(template_name)\n  File \"C:\\Python310\\lib\\site-packages\\django\\template\\backends\\django.py\", line 34, in get_template\n    return Template(self.engine.get_template(template_name), self)\n  File \"C:\\Python310\\lib\\site-packages\\django\\template\\engine.py\", line 175, in get_template\n    template, origin = self.find_template(template_name)\n  File \"C:\\Python310\\lib\\site-packages\\django\\template\\engine.py\", line 157, in find_template\n    template = loader.get_template(name, skip=skip)\n  File \"C:\\Python310\\lib\\site-packages\\django\\template\\loaders\\cached.py\", line 57, in get_template\n    template = super().get_template(template_name, skip)\n  File \"C:\\Python310\\lib\\site-packages\\django\\template\\loaders\\base.py\", line 28, in get_template\n    return Template(\n  File \"C:\\Python310\\lib\\site-packages\\django\\template\\base.py\", line 154, in __init__\n    self.nodelist = self.compile_nodelist()\n  File \"C:\\Python310\\lib\\site-packages\\django\\template\\base.py\", line 200, in compile_nodelist\n    return parser.parse()\n  File \"C:\\Python310\\lib\\site-packages\\django\\template\\base.py\", line 513, in parse\n    raise self.error(token, e)\n  File \"C:\\Python310\\lib\\site-packages\\django\\template\\base.py\", line 511, in parse\n    compiled_result = compile_func(self, token)\n  File \"C:\\Python310\\lib\\site-packages\\django\\template\\defaulttags.py\", line 854, in do_for\n    nodelist_loop = parser.parse(\n  File \"C:\\Python310\\lib\\site-packages\\django\\template\\base.py\", line 518, in parse\n    self.unclosed_block_tag(parse_until)\n  File \"C:\\Python310\\lib\\site-packages\\django\\template\\base.py\", line 581, in unclosed_block_tag\n    raise self.error(token, msg)\n"}}, {"model": "django_apscheduler.djangojobexecution", "pk": 23, "fields": {"job": "my_job", "status": "Error!", "run_time": "2023-03-14T21:44:34Z", "duration": "0.14", "finished": "1678830274.14", "exception": "Unclosed tag on line 10: 'for'. Looking for one of: empty, endfor.", "traceback": "  File \"C:\\Python310\\lib\\site-packages\\apscheduler\\executors\\base.py\", line 125, in run_job\n    retval = job.func(*job.args, **job.kwargs)\n  File \"C:\\Users\\shuny\\OneDrive\\╨рсюўшщ ёЄюы\\newpaperD7_7-main\\news\\management\\commands\\runapscheduler.py\", line 27, in my_job\n    html_content = render_to_string(\n  File \"C:\\Python310\\lib\\site-packages\\django\\template\\loader.py\", line 61, in render_to_string\n    template = get_template(template_name, using=using)\n  File \"C:\\Python310\\lib\\site-packages\\django\\template\\loader.py\", line 15, in get_template\n    return engine.get_template(template_name)\n  File \"C:\\Python310\\lib\\site-packages\\django\\template\\backends\\django.py\", line 34, in get_template\n    return Template(self.engine.get_template(template_name), self)\n  File \"C:\\Python310\\lib\\site-packages\\django\\template\\engine.py\", line 175, in get_template\n    template, origin = self.find_template(template_name)\n  File \"C:\\Python310\\lib\\site-packages\\django\\template\\engine.py\", line 157, in find_template\n    template = loader.get_template(name, skip=skip)\n  File \"C:\\Python310\\lib\\site-packages\\django\\template\\loaders\\cached.py\", line 57, in get_template\n    template = super().get_template(template_name, skip)\n  File \"C:\\Python310\\lib\\site-packages\\django\\template\\loaders\\base.py\", line 28, in get_template\n    return Template(\n  File \"C:\\Python310\\lib\\site-packages\\django\\template\\base.py\", line 154, in __init__\n    self.nodelist = self.compile_nodelist()\n  File \"C:\\Python310\\lib\\site-packages\\django\\template\\base.py\", line 200, in compile_nodelist\n    return parser.parse()\n  File \"C:\\Python310\\lib\\site-packages\\django\\template\\base.py\", line 513, in parse\n    raise self.error(token, e)\n  File \"C:\\Python310\\lib\\site-packages\\django\\template\\base.py\", line 511, in parse\n    compiled_result = compile_func(self, token)\n  File \"C:\\Python310\\lib\\site-packages\\django\\template\\defaulttags.py\", line 854, in do_for\n    nodelist_loop = parser.parse(\n  File \"C:\\Python310\\lib\\site-packages\\django\\template\\base.py\", line 518, in parse\n    self.unclosed_block_tag(parse_until)\n  File \"C:\\Python310\\lib\\site-packages\\django\\template\\base.py\", line 581, in unclosed_block_tag\n    raise self.error(token, msg)\n"}}, {"model": "django_apscheduler.djangojobexecution", "pk": 24, "fields": {"job": "my_job", "status": "Error!", "run_time": "2023-03-14T21:44:35Z", "duration": "0.14", "finished": "1678830275.14", "exception": "Unclosed tag on line 10: 'for'. Looking for one of: empty, endfor.", "traceback": "  File \"C:\\Python310\\lib\\site-packages\\apscheduler\\executors\\base.py\", line 125, in run_job\n    retval = job.func(*job.args, **job.kwargs)\n  File \"C:\\Users\\shuny\\OneDrive\\╨рсюўшщ ёЄюы\\newpaperD7_7-main\\news\\management\\commands\\runapscheduler.py\", line 27, in my_job\n    html_content = render_to_string(\n  File \"C:\\Python310\\lib\\site-packages\\django\\template\\loader.py\", line 61, in render_to_string\n    template = get_template(template_name, using=using)\n  File \"C:\\Python310\\lib\\site-packages\\django\\template\\loader.py\", line 15, in get_template\n    return engine.get_template(template_name)\n  File \"C:\\Python310\\lib\\site-packages\\django\\template\\backends\\django.py\", line 34, in get_template\n    return Template(self.engine.get_template(template_name), self)\n  File \"C:\\Python310\\lib\\site-packages\\django\\template\\engine.py\", line 175, in get_template\n    template, origin = self.find_template(template_name)\n  File \"C:\\Python310\\lib\\site-packages\\django\\template\\engine.py\", line 157, in find_template\n    template = loader.get_template(name, skip=skip)\n  File \"C:\\Python310\\lib\\site-packages\\django\\template\\loaders\\cached.py\", line 57, in get_template\n    template = super().get_template(template_name, skip)\n  File \"C:\\Python310\\lib\\site-packages\\django\\template\\loaders\\base.py\", line 28, in get_template\n    return Template(\n  File \"C:\\Python310\\lib\\site-packages\\django\\template\\base.py\", line 154, in __init__\n    self.nodelist = self.compile_nodelist()\n  File \"C:\\Python310\\lib\\site-packages\\django\\template\\base.py\", line 200, in compile_nodelist\n    return parser.parse()\n  File \"C:\\Python310\\lib\\site-packages\\django\\template\\base.py\", line 513, in parse\n    raise self.error(token, e)\n  File \"C:\\Python310\\lib\\site-packages\\django\\template\\base.py\", line 511, in parse\n    compiled_result = compile_func(self, token)\n  File \"C:\\Python310\\lib\\site-packages\\django\\template\\defaulttags.py\", line 854, in do_for\n    nodelist_loop = parser.parse(\n  File \"C:\\Python310\\lib\\site-packages\\django\\template\\base.py\", line 518, in parse\n    self.unclosed_block_tag(parse_until)\n  File \"C:\\Python310\\lib\\site-packages\\django\\template\\base.py\", line 581, in unclosed_block_tag\n    raise self.error(token, msg)\n"}}, {"model": "django_apscheduler.djangojobexecution", "pk": 25, "fields": {"job": "my_job", "status": "Error!", "run_time": "2023-03-14T21:44:36Z", "duration": "0.07", "finished": "1678830276.07", "exception": "Unclosed tag on line 10: 'for'. Looking for one of: empty, endfor.", "traceback": "  File \"C:\\Python310\\lib\\site-packages\\apscheduler\\executors\\base.py\", line 125, in run_job\n    retval = job.func(*job.args, **job.kwargs)\n  File \"C:\\Users\\shuny\\OneDrive\\╨рсюўшщ ёЄюы\\newpaperD7_7-main\\news\\management\\commands\\runapscheduler.py\", line 27, in my_job\n    html_content = render_to_string(\n  File \"C:\\Python310\\lib\\site-packages\\django\\template\\loader.py\", line 61, in render_to_string\n    template = get_template(template_name, using=using)\n  File \"C:\\Python310\\lib\\site-packages\\django\\template\\loader.py\", line 15, in get_template\n    return engine.get_template(template_name)\n  File \"C:\\Python310\\lib\\site-packages\\django\\template\\backends\\django.py\", line 34, in get_template\n    return Template(self.engine.get_template(template_name), self)\n  File \"C:\\Python310\\lib\\site-packages\\django\\template\\engine.py\", line 175, in get_template\n    template, origin = self.find_template(template_name)\n  File \"C:\\Python310\\lib\\site-packages\\django\\template\\engine.py\", line 157, in find_template\n    template = loader.get_template(name, skip=skip)\n  File \"C:\\Python310\\lib\\site-packages\\django\\template\\loaders\\cached.py\", line 57, in get_template\n    template = super().get_template(template_name, skip)\n  File \"C:\\Python310\\lib\\site-packages\\django\\template\\loaders\\base.py\", line 28, in get_template\n    return Template(\n  File \"C:\\Python310\\lib\\site-packages\\django\\template\\base.py\", line 154, in __init__\n    self.nodelist = self.compile_nodelist()\n  File \"C:\\Python310\\lib\\site-packages\\django\\template\\base.py\", line 200, in compile_nodelist\n    return parser.parse()\n  File \"C:\\Python310\\lib\\site-packages\\django\\template\\base.py\", line 513, in parse\n    raise self.error(token, e)\n  File \"C:\\Python310\\lib\\site-packages\\django\\template\\base.py\", line 511, in parse\n    compiled_result = compile_func(self, token)\n  File \"C:\\Python310\\lib\\site-packages\\django\\template\\defaulttags.py\", line 854, in do_for\n    nodelist_loop = parser.parse(\n  File \"C:\\Python310\\lib\\site-packages\\django\\template\\base.py\", line 518, in parse\n    self.unclosed_block_tag(parse_until)\n  File \"C:\\Python310\\lib\\site-packages\\django\\template\\base.py\", line 581, in unclosed_block_tag\n    raise self.error(token, msg)\n"}}, {"model": "django_apscheduler.djangojobexecution", "pk": 26, "fields": {"job": "my_job", "status": "Error!", "run_time": "2023-03-14T21:46:04Z", "duration": "0.10", "finished": "1678830364.10", "exception": "Unclosed tag on line 10: 'for'. Looking for one of: empty, endfor.", "traceback": "  File \"C:\\Python310\\lib\\site-packages\\apscheduler\\executors\\base.py\", line 125, in run_job\n    retval = job.func(*job.args, **job.kwargs)\n  File \"C:\\Users\\shuny\\OneDrive\\╨рсюўшщ ёЄюы\\newpaperD7_7-main\\news\\management\\commands\\runapscheduler.py\", line 27, in my_job\n    html_content = render_to_string(\n  File \"C:\\Python310\\lib\\site-packages\\django\\template\\loader.py\", line 61, in render_to_string\n    template = get_template(template_name, using=using)\n  File \"C:\\Python310\\lib\\site-packages\\django\\template\\loader.py\", line 15, in get_template\n    return engine.get_template(template_name)\n  File \"C:\\Python310\\lib\\site-packages\\django\\template\\backends\\django.py\", line 34, in get_template\n    return Template(self.engine.get_template(template_name), self)\n  File \"C:\\Python310\\lib\\site-packages\\django\\template\\engine.py\", line 175, in get_template\n    template, origin = self.find_template(template_name)\n  File \"C:\\Python310\\lib\\site-packages\\django\\template\\engine.py\", line 157, in find_template\n    template = loader.get_template(name, skip=skip)\n  File \"C:\\Python310\\lib\\site-packages\\django\\template\\loaders\\cached.py\", line 57, in get_template\n    template = super().get_template(template_name, skip)\n  File \"C:\\Python310\\lib\\site-packages\\django\\template\\loaders\\base.py\", line 28, in get_template\n    return Template(\n  File \"C:\\Python310\\lib\\site-packages\\django\\template\\base.py\", line 154, in __init__\n    self.nodelist = self.compile_nodelist()\n  File \"C:\\Python310\\lib\\site-packages\\django\\template\\base.py\", line 200, in compile_nodelist\n    return parser.parse()\n  File \"C:\\Python310\\lib\\site-packages\\django\\template\\base.py\", line 513, in parse\n    raise self.error(token, e)\n  File \"C:\\Python310\\lib\\site-packages\\django\\template\\base.py\", line 511, in parse\n    compiled_result = compile_func(self, token)\n  File \"C:\\Python310\\lib\\site-packages\\django\\template\\defaulttags.py\", line 854, in do_for\n    nodelist_loop = parser.parse(\n  File \"C:\\Python310\\lib\\site-packages\\django\\template\\base.py\", line 518, in parse\n    self.unclosed_block_tag(parse_until)\n  File \"C:\\Python310\\lib\\site-packages\\django\\template\\base.py\", line 581, in unclosed_block_tag\n    raise self.error(token, msg)\n"}}, {"model": "django_apscheduler.djangojobexecution", "pk": 27, "fields": {"job": "my_job", "status": "Error!", "run_time": "2023-03-14T21:49:19Z", "duration": "0.12", "finished": "1678830559.12", "exception": "Unclosed tag on line 10: 'for'. Looking for one of: empty, endfor.", "traceback": "  File \"C:\\Python310\\lib\\site-packages\\apscheduler\\executors\\base.py\", line 125, in run_job\n    retval = job.func(*job.args, **job.kwargs)\n  File \"C:\\Users\\shuny\\OneDrive\\╨рсюўшщ ёЄюы\\newpaperD7_7-main\\news\\management\\commands\\runapscheduler.py\", line 27, in my_job\n    html_content = render_to_string(\n  File \"C:\\Python310\\lib\\site-packages\\django\\template\\loader.py\", line 61, in render_to_string\n    template = get_template(template_name, using=using)\n  File \"C:\\Python310\\lib\\site-packages\\django\\template\\loader.py\", line 15, in get_template\n    return engine.get_template(template_name)\n  File \"C:\\Python310\\lib\\site-packages\\django\\template\\backends\\django.py\", line 34, in get_template\n    return Template(self.engine.get_template(template_name), self)\n  File \"C:\\Python310\\lib\\site-packages\\django\\template\\engine.py\", line 175, in get_template\n    template, origin = self.find_template(template_name)\n  File \"C:\\Python310\\lib\\site-packages\\django\\template\\engine.py\", line 157, in find_template\n    template = loader.get_template(name, skip=skip)\n  File \"C:\\Python310\\lib\\site-packages\\django\\template\\loaders\\cached.py\", line 57, in get_template\n    template = super().get_template(template_name, skip)\n  File \"C:\\Python310\\lib\\site-packages\\django\\template\\loaders\\base.py\", line 28, in get_template\n    return Template(\n  File \"C:\\Python310\\lib\\site-packages\\django\\template\\base.py\", line 154, in __init__\n    self.nodelist = self.compile_nodelist()\n  File \"C:\\Python310\\lib\\site-packages\\django\\template\\base.py\", line 200, in compile_nodelist\n    return parser.parse()\n  File \"C:\\Python310\\lib\\site-packages\\django\\template\\base.py\", line 513, in parse\n    raise self.error(token, e)\n  File \"C:\\Python310\\lib\\site-packages\\django\\template\\base.py\", line 511, in parse\n    compiled_result = compile_func(self, token)\n  File \"C:\\Python310\\lib\\site-packages\\django\\template\\defaulttags.py\", line 854, in do_for\n    nodelist_loop = parser.parse(\n  File \"C:\\Python310\\lib\\site-packages\\django\\template\\base.py\", line 518, in parse\n    self.unclosed_block_tag(parse_until)\n  File \"C:\\Python310\\lib\\site-packages\\django\\template\\base.py\", line 581, in unclosed_block_tag\n    raise self.error(token, msg)\n"}}, {"model": "django_apscheduler.djangojobexecution", "pk": 28, "fields": {"job": "my_job", "status": "Error!", "run_time": "2023-03-14T21:49:20Z", "duration": "0.09", "finished": "1678830560.09", "exception": "Unclosed tag on line 10: 'for'. Looking for one of: empty, endfor.", "traceback": "  File \"C:\\Python310\\lib\\site-packages\\apscheduler\\executors\\base.py\", line 125, in run_job\n    retval = job.func(*job.args, **job.kwargs)\n  File \"C:\\Users\\shuny\\OneDrive\\╨рсюўшщ ёЄюы\\newpaperD7_7-main\\news\\management\\commands\\runapscheduler.py\", line 27, in my_job\n    html_content = render_to_string(\n  File \"C:\\Python310\\lib\\site-packages\\django\\template\\loader.py\", line 61, in render_to_string\n    template = get_template(template_name, using=using)\n  File \"C:\\Python310\\lib\\site-packages\\django\\template\\loader.py\", line 15, in get_template\n    return engine.get_template(template_name)\n  File \"C:\\Python310\\lib\\site-packages\\django\\template\\backends\\django.py\", line 34, in get_template\n    return Template(self.engine.get_template(template_name), self)\n  File \"C:\\Python310\\lib\\site-packages\\django\\template\\engine.py\", line 175, in get_template\n    template, origin = self.find_template(template_name)\n  File \"C:\\Python310\\lib\\site-packages\\django\\template\\engine.py\", line 157, in find_template\n    template = loader.get_template(name, skip=skip)\n  File \"C:\\Python310\\lib\\site-packages\\django\\template\\loaders\\cached.py\", line 57, in get_template\n    template = super().get_template(template_name, skip)\n  File \"C:\\Python310\\lib\\site-packages\\django\\template\\loaders\\base.py\", line 28, in get_template\n    return Template(\n  File \"C:\\Python310\\lib\\site-packages\\django\\template\\base.py\", line 154, in __init__\n    self.nodelist = self.compile_nodelist()\n  File \"C:\\Python310\\lib\\site-packages\\django\\template\\base.py\", line 200, in compile_nodelist\n    return parser.parse()\n  File \"C:\\Python310\\lib\\site-packages\\django\\template\\base.py\", line 513, in parse\n    raise self.error(token, e)\n  File \"C:\\Python310\\lib\\site-packages\\django\\template\\base.py\", line 511, in parse\n    compiled_result = compile_func(self, token)\n  File \"C:\\Python310\\lib\\site-packages\\django\\template\\defaulttags.py\", line 854, in do_for\n    nodelist_loop = parser.parse(\n  File \"C:\\Python310\\lib\\site-packages\\django\\template\\base.py\", line 518, in parse\n    self.unclosed_block_tag(parse_until)\n  File \"C:\\Python310\\lib\\site-packages\\django\\template\\base.py\", line 581, in unclosed_block_tag\n    raise self.error(token, msg)\n"}}, {"model": "django_apscheduler.djangojobexecution", "pk": 29, "fields": {"job": "my_job", "status": "Error!", "run_time": "2023-03-14T21:49:21Z", "duration": "0.08", "finished": "1678830561.08", "exception": "Unclosed tag on line 10: 'for'. Looking for one of: empty, endfor.", "traceback": "  File \"C:\\Python310\\lib\\site-packages\\apscheduler\\executors\\base.py\", line 125, in run_job\n    retval = job.func(*job.args, **job.kwargs)\n  File \"C:\\Users\\shuny\\OneDrive\\╨рсюўшщ ёЄюы\\newpaperD7_7-main\\news\\management\\commands\\runapscheduler.py\", line 27, in my_job\n    html_content = render_to_string(\n  File \"C:\\Python310\\lib\\site-packages\\django\\template\\loader.py\", line 61, in render_to_string\n    template = get_template(template_name, using=using)\n  File \"C:\\Python310\\lib\\site-packages\\django\\template\\loader.py\", line 15, in get_template\n    return engine.get_template(template_name)\n  File \"C:\\Python310\\lib\\site-packages\\django\\template\\backends\\django.py\", line 34, in get_template\n    return Template(self.engine.get_template(template_name), self)\n  File \"C:\\Python310\\lib\\site-packages\\django\\template\\engine.py\", line 175, in get_template\n    template, origin = self.find_template(template_name)\n  File \"C:\\Python310\\lib\\site-packages\\django\\template\\engine.py\", line 157, in find_template\n    template = loader.get_template(name, skip=skip)\n  File \"C:\\Python310\\lib\\site-packages\\django\\template\\loaders\\cached.py\", line 57, in get_template\n    template = super().get_template(template_name, skip)\n  File \"C:\\Python310\\lib\\site-packages\\django\\template\\loaders\\base.py\", line 28, in get_template\n    return Template(\n  File \"C:\\Python310\\lib\\site-packages\\django\\template\\base.py\", line 154, in __init__\n    self.nodelist = self.compile_nodelist()\n  File \"C:\\Python310\\lib\\site-packages\\django\\template\\base.py\", line 200, in compile_nodelist\n    return parser.parse()\n  File \"C:\\Python310\\lib\\site-packages\\django\\template\\base.py\", line 513, in parse\n    raise self.error(token, e)\n  File \"C:\\Python310\\lib\\site-packages\\django\\template\\base.py\", line 511, in parse\n    compiled_result = compile_func(self, token)\n  File \"C:\\Python310\\lib\\site-packages\\django\\template\\defaulttags.py\", line 854, in do_for\n    nodelist_loop = parser.parse(\n  File \"C:\\Python310\\lib\\site-packages\\django\\template\\base.py\", line 518, in parse\n    self.unclosed_block_tag(parse_until)\n  File \"C:\\Python310\\lib\\site-packages\\django\\template\\base.py\", line 581, in unclosed_block_tag\n    raise self.error(token, msg)\n"}}, {"model": "django_apscheduler.djangojobexecution", "pk": 30, "fields": {"job": "my_job", "status": "Executed", "run_time": "2023-03-14T21:57:39Z", "duration": "0.93", "finished": "1678831059.93", "exception": null, "traceback": null}}, {"model": "django_apscheduler.djangojobexecution", "pk": 31, "fields": {"job": "my_job", "status": "Executed", "run_time": "2023-03-14T21:57:40Z", "duration": "0.62", "finished": "1678831060.62", "exception": null, "traceback": null}}, {"model": "django_apscheduler.djangojobexecution", "pk": 32, "fields": {"job": "my_job", "status": "Executed", "run_time": "2023-03-14T21:57:41Z", "duration": "0.89", "finished": "1678831061.89", "exception": null, "traceback": null}}, {"model": "django_apscheduler.djangojobexecution", "pk": 33, "fields": {"job": "my_job", "status": "Executed", "run_time": "2023-03-14T21:57:42Z", "duration": "0.67", "finished": "1678831062.67", "exception": null, "traceback": null}}, {"model": "django_apscheduler.djangojobexecution", "pk": 34, "fields": {"job": "my_job", "status": "Executed", "run_time": "2023-03-14T21:57:43Z", "duration": "0.65", "finished": "1678831063.65", "exception": null, "traceback": null}}, {"model": "django_apscheduler.djangojobexecution", "pk": 35, "fields": {"job": "my_job", "status": "Executed", "run_time": "2023-03-14T21:57:44Z", "duration": "0.65", "finished": "1678831064.65", "exception": null, "traceback": null}}, {"model": "django_apscheduler.djangojobexecution", "pk": 36, "fields": {"job": "my_job", "status": "Executed", "run_time": "2023-03-14T21:57:45Z", "duration": "0.90", "finished": "1678831065.90", "exception": null, "traceback": null}}, {"model": "django_apscheduler.djangojobexecution", "pk": 37, "fields": {"job": "my_job", "status": "Executed", "run_time": "2023-03-14T21:57:46Z", "duration": "0.54", "finished": "1678831066.54", "exception": null, "traceback": null}}, {"model": "django_apscheduler.djangojobexecution", "pk": 38, "fields": {"job": "my_job", "status": "Executed", "run_time": "2023-03-14T21:57:47Z", "duration": "0.63", "finished": "1678831067.63", "exception": null, "traceback": null}}, {"model": "django_apscheduler.djangojobexecution", "pk": 39, "fields": {"job": "my_job", "status": "Executed", "run_time": "2023-03-14T21:57:48Z", "duration": "0.61", "finished": "1678831068.61", "exception": null, "traceback": null}}, {"model": "django_apscheduler.djangojobexecution", "pk": 40, "fields": {"job": "my_job", "status": "Executed", "run_time": "2023-03-14T21:58:24Z", "duration": "0.82", "finished": "1678831104.82", "exception": null, "traceback": null}}, {"model": "django_apscheduler.djangojobexecution", "pk": 41, "fields": {"job": "my_job", "status": "Executed", "run_time": "2023-03-14T21:59:08Z", "duration": "0.82", "finished": "1678831148.82", "exception": null, "traceback": null}}, {"model": "django_apscheduler.djangojobexecution", "pk": 42, "fields": {"job": "my_job", "status": "Executed", "run_time": "2023-03-14T21:59:09Z", "duration": "0.70", "finished": "1678831149.70", "exception": null, "traceback": null}}, {"model": "django_apscheduler.djangojobexecution", "pk": 43, "fields": {"job": "my_job", "status": "Executed", "run_time": "2023-03-14T22:01:15Z", "duration": "0.82", "finished": "1678831275.82", "exception": null, "traceback": null}}, {"model": "django_apscheduler.djangojobexecution", "pk": 44, "fields": {"job": "my_job", "status": "Executed", "run_time": "2023-03-14T22:01:16Z", "duration": "0.67", "finished": "1678831276.67", "exception": null, "traceback": null}}]
